,ann_ret,sharpe
2020-02-17,0.9581575233855036,1.5601161999677744
2020-02-18,1.0126375274443633,1.6432730888659957
2020-02-19,0.9916191788826277,1.607871467810559
2020-02-20,1.0267397826685547,1.6627299538601823
2020-02-24,1.0253788909912254,1.66049781491479
2020-02-25,1.0077019007523604,1.6308949272523088
2020-02-26,1.0239783373806277,1.6569459401029323
2020-02-27,1.0424962681106373,1.6864871662330843
2020-02-28,1.0468839390119358,1.6936233826885543
2020-03-02,1.0629162223157642,1.7209294193422466
2020-03-03,1.048292560311986,1.6974568058084616
2020-03-04,1.0001876468503503,1.6236774979315658
2020-03-05,0.9666700541119543,1.565741726895694
2020-03-06,0.9234038320147382,1.502022990028143
2020-03-09,1.0718598710123783,1.7177061221471377
2020-03-11,1.0327064722832124,1.6468003657504995
2020-03-12,1.140069593169201,1.7672647306917004
2020-03-13,1.0889384732151357,1.681794698706644
2020-03-16,0.8274595838604015,1.182232193604376
2020-03-17,0.6744143341118716,0.9404036408975933
2020-03-18,0.016492595561869994,0.016914756844861677
2020-03-19,0.7747394858369624,0.6272535665778827
2020-03-20,0.8952776331530238,0.7215921177850683
2020-03-23,0.6378841228178288,0.5031266842472495
2020-03-24,0.759992901570444,0.596792273482633
2020-03-25,1.1676555245658602,0.8738633786186366
2020-03-26,1.1676555245658602,0.8738633786186366
2020-03-27,1.1676555245658602,0.8738633786186366
2020-03-30,1.1676555245658602,0.8738633786186366
2020-03-31,1.1676555245658602,0.8738633786186366
2020-04-01,1.1676555245658602,0.8738633786186366
2020-04-03,1.1676555245658602,0.8738633786186366
2020-04-07,1.1676555245658602,0.8738633786186366
2020-04-08,1.1676555245658602,0.8738633786186366
2020-04-09,1.1676555245658602,0.8738633786186366
2020-04-13,1.1676555245658602,0.8738633786186366
2020-04-15,1.1676555245658602,0.8738633786186366
2020-04-16,1.1676555245658602,0.8738633786186366
2020-04-17,1.1676555245658602,0.8738633786186366
2020-04-20,1.1676555245658602,0.8738633786186366
2020-04-21,1.1676555245658602,0.8738633786186366
2020-04-22,1.1676555245658602,0.8738633786186366
2020-04-23,1.1676555245658602,0.8738633786186366
2020-04-24,1.1733797307410485,0.8781685456473779
2020-04-27,1.1082107735281264,0.8302496154385377
2020-04-28,1.0901807462312527,0.816780490243991
2020-04-29,1.1356893816660667,0.8514698212373989
2020-04-30,1.1350309880253222,0.8509748778381753
2020-05-04,1.0946654202025259,0.8210060961391947
2020-05-05,1.0907944621018595,0.8180985590487332
2020-05-06,1.0877214939185702,0.8157456618711764
2020-05-07,1.1464216522394004,0.8582160889669207
2020-05-08,1.039924643693725,0.7757118068633185
2020-05-11,1.0006751634447806,0.7457060882995757
2020-05-12,0.8844262672211265,0.6583071328074974
2020-05-13,0.8549210132362282,0.6361215953543525
2020-05-14,0.8950611744685135,0.6657422116774872
2020-05-15,0.9994907952980893,0.7413357664957869
2020-05-18,0.8133714862503298,0.5973820400263368
2020-05-19,0.8741618752264904,0.6414587142048988
2020-05-20,0.8836786060982496,0.6484378387273364
2020-05-21,0.9718338673258282,0.7117567044119585
2020-05-22,1.0300172954791913,0.7537763317809909
2020-05-26,0.9511764512576137,0.6948041844659776
2020-05-27,0.9177097801482867,0.6701123046282823
2020-05-28,0.9441205490128768,0.689304780180351
2020-05-29,0.8716803145166352,0.635245290444984
2020-06-01,0.9775046577478317,0.7100969165077201
2020-06-02,0.9838452492020024,0.7146811296340575
2020-06-03,1.0468773864124674,0.7598507707368772
2020-06-04,1.200795955483357,0.8739647226175242
2020-06-05,1.1416853036696708,0.8315941486044791
2020-06-08,1.1132981816667098,0.8110364069225681
2020-06-09,1.0884425166516805,0.7930137312991048
2020-06-10,1.0884425166516805,0.7930137312991048
2020-06-11,1.0884425166516805,0.7930137312991048
2020-06-12,1.0884425166516805,0.7930137312991048
2020-06-15,1.0884425166516805,0.7930137312991048
2020-06-16,1.0412718637359637,0.7581164527413055
2020-06-17,1.2396408173929059,0.8936561696191921
2020-06-18,1.1107706988385404,0.7970590667896396
2020-06-19,1.0172535601052521,0.7281612282451358
2020-06-22,1.1056720002455522,0.7900161762516605
2020-06-23,1.1896198477447557,0.8486326428708991
2020-06-24,1.1545214495447746,0.8232670094866715
2020-06-25,1.4951052332300305,1.0367951188472042
2020-06-26,1.4386194394629799,0.9966990284258728
2020-06-29,1.3258551722502032,0.915501363660555
2020-06-30,1.3714359774784457,0.9466147413942982
2020-07-01,1.2928141245739075,0.8908542458386035
2020-07-02,1.3355155858639955,0.9199768923383397
2020-07-03,1.2872735117815537,0.8859510305440088
2020-07-06,1.2613950201024184,0.8680594734701569
2020-07-07,1.2086944794388337,0.8311885908345823
2020-07-08,1.112647575309654,0.764167330276716
2020-07-09,1.0685727848595787,0.7331102912302156
2020-07-10,1.1385356376661777,0.781726473508741
2020-07-13,1.1968676486891257,0.8200057222592474
2020-07-14,1.2686393545622687,0.8691058298249543
2020-07-15,1.1784282919692748,0.8065440389788215
2020-07-16,1.2945556189596852,0.8840971826059156
2020-07-17,1.4257416829628964,0.971888037646623
2020-07-20,1.6012915180320535,1.1035016754458724
2020-07-21,1.659968196801161,1.1424221131923702
2020-07-22,1.607278592743311,1.1067110140712377
2020-07-23,1.671722917021684,1.1524548835187693
2020-07-24,1.6058861691318194,1.1079880251272447
2020-07-27,1.5588784961726894,1.0758172682802944
2020-07-28,1.617419016973767,1.1156008364753307
2020-07-29,1.6218873282028103,1.1186156397766167
2020-07-30,1.4893633927969945,1.031142889938785
2020-07-31,1.4436385934030143,0.9988556595122009
2020-08-03,1.488024664595296,1.0292069437072753
2020-08-04,1.5289167651754938,1.0571901671470383
2020-08-05,1.571369507533293,1.086211051225371
2020-08-06,1.5828780745011302,1.0941694074133508
2020-08-07,1.5476771592973457,1.0694067285419306
2020-08-10,1.5863414124328146,1.095856460550431
2020-08-11,1.569843903615324,1.0843354941958396
2020-08-12,1.6409029818097065,1.1336174066999116
2020-08-13,1.5665591366657368,1.083446707329822
2020-08-14,1.4179958474029628,0.9855172105793878
2020-08-17,1.367442662237425,0.9496654891384138
2020-08-18,1.4246385288658474,0.9887558071404682
2020-08-19,1.4885357998803657,1.0322686546890016
2020-08-20,1.5518267832240995,1.0753183121266376
2020-08-21,1.2373939668906453,0.8370353131072168
2020-08-24,1.2283043297447187,0.8308538853560737
2020-08-25,1.2779669753430292,0.8640554969425425
2020-08-26,1.3642881488029865,0.9210361679516466
2020-08-27,1.448688320849938,0.9766348524823018
2020-08-28,1.5784031758601906,1.0603950361950265
2020-08-31,1.7351112610894632,1.1597774360009336
2020-09-01,1.5559511361472738,1.0320827534024932
2020-09-02,1.5642277102345212,1.0375804996091174
2020-09-03,1.676558560033579,1.1093571274083813
2020-09-04,1.7948313354335153,1.1844037468529907
2020-09-07,1.853210366239667,1.2240665011418141
2020-09-08,2.0121663043498352,1.337197074566744
2020-09-09,2.0277169769615697,1.347678109639601
2020-09-10,1.929887656453483,1.284949209571119
2020-09-11,2.0724940983042397,1.3876043927688504
2020-09-14,1.9591964475656165,1.3154824806725869
2020-09-15,1.8388902222531622,1.2384100151827402
2020-09-16,1.7905705872529079,1.2064216633342535
2020-09-17,1.9066191985251773,1.2859050020722465
2020-09-18,1.7213319793856452,1.162987311691928
2020-09-21,1.8467723714259487,1.247142267791503
2020-09-22,1.9374857654308495,1.3122449164880277
2020-09-23,1.8997951862016418,1.2874140012910396
2020-09-24,1.9135340735123503,1.2968428754394632
2020-09-25,1.8586703893172143,1.2602967671729255
2020-09-28,1.8586703893172143,1.2602967671729255
2020-09-29,1.8586703893172143,1.2602967671729255
2020-09-30,1.8586703893172143,1.2602967671729255
2020-10-01,1.8586703893172143,1.2602967671729255
2020-10-05,1.8586703893172143,1.2602967671729255
2020-10-06,1.8586703893172143,1.2602967671729255
2020-10-07,1.8586703893172143,1.2602967671729255
2020-10-08,1.8586703893172143,1.2602967671729255
2020-10-09,1.8586703893172143,1.2602967671729255
2020-10-12,1.8586703893172143,1.2602967671729255
2020-10-13,1.8586703893172143,1.2602967671729255
2020-10-14,1.8586703893172143,1.2602967671729255
2020-10-15,1.8586703893172143,1.2602967671729255
2020-10-16,1.8586703893172143,1.2602967671729255
2020-10-19,1.8586703893172143,1.2602967671729255
2020-10-20,1.8586703893172143,1.2602967671729255
2020-10-21,1.8586703893172143,1.2602967671729255
2020-10-22,1.8586703893172143,1.2602967671729255
2020-10-23,1.8586703893172143,1.2602967671729255
2020-10-26,1.8586703893172143,1.2602967671729255
2020-10-27,1.526827937352257,1.00894896219717
2020-10-28,1.6996457633341837,1.1164023315980398
2020-10-29,1.6409765385174264,1.0768820443511833
2020-10-30,1.7457608372842213,1.1432829055443465
2020-11-02,1.7213368363183097,1.1270615839804587
2020-11-03,1.783318257715627,1.1672424002588189
2020-11-04,1.6472937951777018,1.076516649660613
2020-11-05,1.5540563230532483,1.0167497660559657
2020-11-06,1.429159750576356,0.9313505115386586
2020-11-09,1.5667374500617894,1.0200036658636555
2020-11-10,1.748486351971656,1.1247680571481375
2020-11-11,1.5464436263424202,0.9879979129697919
2020-11-12,1.8732837493859649,1.1724658348390866
2020-11-13,1.8732837493859649,1.1724658348390866
2020-11-14,1.8732837493859649,1.1724658348390866
2020-11-17,1.8732837493859649,1.1724658348390866
2020-11-18,1.8732837493859649,1.1724658348390866
2020-11-19,1.8732837493859649,1.1724658348390866
2020-11-20,1.8732837493859649,1.1724658348390866
2020-11-23,1.8732837493859649,1.1724658348390866
2020-11-24,1.8732837493859649,1.1724658348390866
2020-11-25,1.8732837493859649,1.1724658348390866
2020-11-26,1.8732837493859649,1.1724658348390866
2020-11-27,1.8732837493859649,1.1724658348390866
2020-12-01,1.8732837493859649,1.1724658348390866
2020-12-02,1.8732837493859649,1.1724658348390866
2020-12-03,1.8732837493859649,1.1724658348390866
2020-12-04,1.8732837493859649,1.1724658348390866
2020-12-07,1.8447670982174273,1.1543375365835928
2020-12-08,1.8628464131521263,1.1656364735577833
2020-12-09,1.8470766528992748,1.1556596662618082
2020-12-10,1.8989994913516055,1.187697208391731
2020-12-11,1.9632844016830617,1.2295181678194105
2020-12-14,1.811757885916613,1.1403848893307575
2020-12-15,1.717089943328701,1.082586632348898
2020-12-16,1.6854920127049235,1.0627861129254754
2020-12-17,1.6854920127049235,1.0627861129254754
2020-12-18,1.6854920127049235,1.0627861129254754
2020-12-21,1.6854920127049235,1.0627861129254754
2020-12-22,1.6854920127049235,1.0627861129254754
2020-12-23,1.6854920127049235,1.0627861129254754
2020-12-24,1.6854920127049235,1.0627861129254754
2020-12-28,1.6854920127049235,1.0627861129254754
2020-12-29,1.6803742557420078,1.0595391200394182
2020-12-30,1.6375337095283966,1.0320324576091795
2020-12-31,1.677150738095856,1.056779641758803
2021-01-01,1.6770215777536654,1.0566978917128471
2021-01-04,1.658787790539874,1.0450891911436266
2021-01-05,1.718301974390455,1.081993500806553
2021-01-06,1.7249036633454458,1.0861605816387159
2021-01-07,1.6780333268979837,1.0560519794382512
2021-01-08,1.672855816477336,1.052773548267448
2021-01-11,1.672324388997245,1.0524375713683385
2021-01-12,1.6706339554727825,1.0513684525478606
2021-01-13,1.708126300656817,1.0747703183945596
2021-01-14,1.6513118277323697,1.0382001069877467
2021-01-15,1.6736409887343717,1.0521961400049655
2021-01-18,1.6861963187181586,1.060091564160033
2021-01-19,1.693934430852819,1.0649657024640655
2021-01-20,1.7031887685562266,1.0707921549289061
2021-01-21,1.7031887685562266,1.0707921549289061
2021-01-22,1.7031887685562266,1.0707921549289061
2021-01-25,1.756285747732527,1.1049523367997478
2021-01-27,1.708363774274265,1.0751525424805368
2021-01-28,1.6335214250862193,1.0289941509353655
2021-01-29,1.6335214250862193,1.0289941509353655
2021-02-01,1.6335214250862193,1.0289941509353655
2021-02-02,1.6335214250862193,1.0289941509353655
2021-02-03,1.6335214250862193,1.0289941509353655
2021-02-04,1.6539825276860558,1.0420254002915659
2021-02-05,1.6974178127807509,1.0699155182914233
2021-02-08,1.6130083343878514,1.0179326987364152
2021-02-09,1.5354349162094305,0.9699573580340987
2021-02-10,1.5137638162290645,0.9563071342606736
2021-02-11,1.5137638162290645,0.9563071342606736
2021-02-12,1.5137638162290645,0.9563071342606736
2021-02-15,1.5137638162290645,0.9563071342606736
2021-02-16,1.5137638162290645,0.9563071342606736
2021-02-17,1.5196790651659198,0.9600644673821982
2021-02-18,1.530710792012715,0.9670832680799772
2021-02-19,1.554039183489322,0.9819851270599709
2021-02-22,1.4995591794304621,0.9479982831113514
2021-02-23,1.5205775279921978,0.9614195676739201
2021-02-24,1.4854569242062707,0.9393673296288665
2021-02-25,1.4868178158836,0.9402313041190553
2021-02-26,1.504494806122465,0.9515096218076661
2021-03-01,1.4882183694941977,0.9412292139229391
2021-03-02,1.469700438764188,0.9295409148810133
2021-03-03,1.4653127678628897,0.9267599188091982
2021-03-04,1.4719919571690134,0.9310071711134694
2021-03-05,1.4719919571690134,0.9310071711134694
2021-03-08,1.4719919571690134,0.9310071711134694
2021-03-09,1.5102577026886241,0.9555774850264268
2021-03-10,1.4910597187512213,0.9434569735527286
2021-03-12,1.374503198913627,0.8718576188104846
2021-03-15,1.4391123175607963,0.9137436282346902
2021-03-16,1.2748660391004896,0.8136190993879291
2021-03-17,1.325997159054555,0.8467951522414671
2021-03-18,1.5874760484092891,1.0289286807899918
2021-03-19,1.740521298157819,1.1342280619009013
2021-03-22,2.3984430367078207,1.7357312941315333
2021-03-23,1.6401961464327282,1.4146152892848696
2021-03-24,1.5196579991166668,1.3170730373298516
2021-03-25,1.7770515094518617,1.582249609380082
2021-03-26,1.6549427306992466,1.4813570353790306
2021-03-30,1.2472801077038305,1.1969009728417372
2021-03-31,1.2472801077038305,1.1969009728417372
2021-04-01,1.2472801077038305,1.1969009728417372
2021-04-05,1.2472801077038305,1.1969009728417372
2021-04-06,1.2472801077038305,1.1969009728417372
2021-04-07,1.2472801077038305,1.1969009728417372
2021-04-08,1.2472801077038305,1.1969009728417372
2021-04-09,1.2472801077038305,1.1969009728417372
2021-04-12,1.2472801077038305,1.1969009728417372
2021-04-13,1.2472801077038305,1.1969009728417372
2021-04-15,1.2472801077038305,1.1969009728417372
2021-04-16,1.2472801077038305,1.1969009728417372
2021-04-19,1.2472801077038305,1.1969009728417372
2021-04-20,1.2472801077038305,1.1969009728417372
2021-04-22,1.2472801077038305,1.1969009728417372
2021-04-23,1.2472801077038305,1.1969009728417372
2021-04-26,1.2472801077038305,1.1969009728417372
2021-04-27,1.2472801077038305,1.1969009728417372
2021-04-28,1.2472801077038305,1.1969009728417372
2021-04-29,1.2472801077038305,1.1969009728417372
2021-04-30,1.2472801077038305,1.1969009728417372
2021-05-03,1.195619800693002,1.1456499448097175
2021-05-04,1.2107619244007315,1.1601139338149025
2021-05-05,1.5014081827309407,1.3875230736036315
2021-05-06,1.5957920624390343,1.469873049332868
2021-05-07,1.623210292416974,1.4959635329391658
2021-05-10,1.639131077855428,1.5087961614645589
2021-05-11,1.74796272942149,1.6181589113643358
2021-05-12,1.8081053651681442,1.677060455498579
2021-05-14,1.8805452338506827,1.7490212353851289
2021-05-17,1.9132893288264887,1.7806858468262543
2021-05-18,1.8731491675942034,1.744092342869561
2021-05-19,1.7687195467646275,1.653633850176996
2021-05-20,1.954838855812387,1.8583870286563524
2021-05-21,1.8940484668362265,1.802860637479578
2021-05-24,1.8845317359644673,1.7937595555296424
2021-05-25,1.7963764747368887,1.7149148264924003
2021-05-26,1.7381930465835256,1.661323773029386
2021-05-27,1.8170338908051031,1.742543688955834
2021-05-28,1.8505005619144301,1.7759565422971615
2021-05-31,1.82408979304984,1.7508626113178847
2021-06-01,1.9042874307674895,1.8343151887417581
2021-06-02,1.7909904697996188,1.7342315719451076
2021-06-03,1.7748334009487403,1.7186127730624858
2021-06-04,1.7149255082639405,1.6627635584818818
2021-06-07,1.667133633919592,1.6176798547576299
2021-06-08,1.667133633919592,1.6176798547576299
2021-06-09,1.667133633919592,1.6176798547576299
2021-06-10,1.667133633919592,1.6176798547576299
2021-06-11,1.667133633919592,1.6176798547576299
2021-06-14,1.667133633919592,1.6176798547576299
2021-06-15,1.667133633919592,1.6176798547576299
2021-06-16,1.667133633919592,1.6176798547576299
2021-06-17,1.7143042868353087,1.6657028766189579
2021-06-18,1.5159353331783665,1.4993449093710973
2021-06-21,1.644805451732732,1.641561496528283
2021-06-22,1.7383225904660202,1.7436353396326711
2021-06-23,1.6499041503257201,1.6605155459707444
2021-06-24,1.5659563028265167,1.580838630735243
2021-06-25,1.6010547010264977,1.6176556881942932
2021-06-28,1.2604709173412418,1.3536995799206781
2021-06-29,1.3169567111082925,1.4174593533814206
2021-06-30,1.4297209783210691,1.551462016096802
2021-07-01,1.3841401730928267,1.503394683295291
2021-07-02,1.4627620259973648,1.5954843734089437
2021-07-05,1.4200605647072768,1.5501447672373512
2021-07-06,1.4779923104725468,1.617279270529342
2021-07-07,1.4934558608263258,1.6346142571226514
2021-07-08,1.5439028548353955,1.6930426008354886
2021-07-09,1.6152384066682997,1.7777013149044765
2021-07-12,1.684369782491749,1.8602268068700005
2021-07-13,1.668877467973659,1.8431552293583098
2021-07-14,1.556726675090748,1.731144085198503
2021-07-15,1.5134795305845783,1.6844568544110459
2021-07-16,1.5759365478306728,1.759081486255238
2021-07-19,1.4730109960590605,1.6538932287015773
2021-07-20,1.3718314484535385,1.549231966649561
2021-07-22,1.4095195128963178,1.5936684525991236
2021-07-23,1.3262604714500021,1.5053666459339712
2021-07-26,1.3262604714500021,1.5053666459339712
2021-07-27,1.3262604714500021,1.5053666459339712
2021-07-28,1.2697420494971636,1.4377084268393356
2021-07-29,1.149952984491387,1.2880359946901287
2021-07-30,1.2998349916556666,1.4226252192579179
2021-08-02,1.3578394417428719,1.4798736791131861
2021-08-03,1.4076643865526215,1.5324088385087198
2021-08-04,1.5319782736128884,1.6651306710793616
2021-08-05,1.4875922024206067,1.6182676772914992
2021-08-06,1.4467001018404089,1.5749028395539186
2021-08-09,1.4042473594826097,1.5298916848910746
2021-08-10,1.3927387925147725,1.5173576546449137
2021-08-11,1.427939707718557,1.557224308410843
2021-08-12,1.2992590722671444,1.410173431971173
2021-08-13,1.4730436808815437,1.5778859249475874
2021-08-16,1.4809419817542058,1.5858440227642032
2021-08-17,1.4255485737167366,1.5232795683338585
2021-08-18,1.503576012787572,1.6019059540512472
2021-08-20,1.5947775967005242,1.7010354079826957
2021-08-23,1.5375817300721017,1.6424321389979584
2021-08-24,1.4406407295144799,1.5405096853381148
2021-08-25,1.3842658038065447,1.4830607370960505
2021-08-26,1.7259054776274556,1.9688287233682018
2021-08-27,1.8049140556999308,2.0540005703498903
2021-08-30,1.7720681333778134,2.018877014748393
2021-08-31,1.7065790224542308,1.9520577901598082
2021-09-01,1.6211594946696255,1.8616953879153082
2021-09-02,1.5431962001857424,1.7878188410119507
2021-09-03,1.3884271456677184,1.6337568223069734
2021-09-06,1.5675872706099079,1.8900496463064573
2021-09-07,1.5593106965226604,1.880023613693484
2021-09-08,1.4469798467236026,1.7591265392235231
2021-09-09,1.3287070713236664,1.6307612315816757
2021-09-13,1.3287070713236664,1.6307612315816757
2021-09-14,1.3287070713236664,1.6307612315816757
2021-09-15,1.3287070713236664,1.6307612315816757
2021-09-16,1.3287070713236664,1.6307612315816757
2021-09-17,1.3367113749192352,1.640769689302969
2021-09-20,1.3297629967517206,1.63220961959496
2021-09-21,1.3275080009830933,1.629418702083521
2021-09-22,1.3236472671765458,1.6246483430912044
2021-09-23,1.277303275957826,1.5697487054278718
2021-09-24,1.3419570824625129,1.6553060499552874
2021-09-27,1.2638340270042956,1.5652849245027372
2021-09-28,1.2813770180262753,1.587605234373364
2021-09-29,1.261444235415155,1.5631451729922932
2021-09-30,1.261444235415155,1.5631451729922932
2021-10-01,1.261444235415155,1.5631451729922932
2021-10-04,1.261444235415155,1.5631451729922932
2021-10-05,1.261444235415155,1.5631451729922932
2021-10-06,1.261444235415155,1.5631451729922932
2021-10-07,1.261444235415155,1.5631451729922932
2021-10-08,1.261444235415155,1.5631451729922932
2021-10-11,1.261444235415155,1.5631451729922932
2021-10-12,1.261444235415155,1.5631451729922932
2021-10-13,1.206403971811354,1.4908456761598845
2021-10-14,1.3199483850657012,1.6166588498994985
2021-10-18,1.4848691807675463,1.7848810284379542
2021-10-19,1.4848691807675463,1.7848810284379542
2021-10-20,1.4848691807675463,1.7848810284379542
2021-10-21,1.4848691807675463,1.7848810284379542
2021-10-22,1.4848691807675463,1.7848810284379542
2021-10-25,1.4848691807675463,1.7848810284379542
2021-10-26,1.4848691807675463,1.7848810284379542
2021-10-27,1.4848691807675463,1.7848810284379542
2021-10-28,1.4848691807675463,1.7848810284379542
2021-10-29,1.4848691807675463,1.7848810284379542
2021-11-01,1.4848691807675463,1.7848810284379542
2021-11-02,1.8167116327325035,2.39132236247034
2021-11-03,1.6217157660543604,2.1860466455099394
2021-11-04,1.6930213822574762,2.291001892418814
2021-11-08,1.6426196828355897,2.2379807219401244
2021-11-09,1.6944411915482886,2.309730335498944
2021-11-10,1.6078822284158596,2.192103779193425
2021-11-11,1.7042206232024375,2.3431216410540765
2021-11-12,1.7275578093976334,2.375921124628897
2021-11-15,1.8716352762724027,2.6214740347669476
2021-11-16,1.7329287406021576,2.437205484545159
2021-11-17,1.4854866311105566,2.229674344854364
2021-11-18,1.67335501410827,2.612512231963329
2021-11-22,1.3551431709152126,2.446073095446408
2021-11-23,1.3383621529955754,2.4139635767148797
2021-11-24,1.3572165585066738,2.4473560448666336
2021-11-25,1.3572165585066738,2.4473560448666336
2021-11-26,1.3572165585066738,2.4473560448666336
2021-11-29,1.3572165585066738,2.4473560448666336
2021-11-30,1.3572165585066738,2.4473560448666336
2021-12-01,1.3011609909998618,2.3321064219574406
2021-12-02,1.2965170144224138,2.323522730157157
2021-12-03,1.3638194852920946,2.429225343436217
2021-12-06,1.3170768630860337,2.3360102161462537
2021-12-07,1.346937517780124,2.3868020602205324
2021-12-08,1.3486862436439437,2.389959790355986
2021-12-09,1.3930951178749182,2.4628811829654693
2021-12-10,1.390946341703615,2.4589729176635
2021-12-13,1.415180541671115,2.5005701334228987
2021-12-14,1.4436971928396525,2.5555148557047422
2021-12-15,1.4256178779049535,2.5239927733020346
2021-12-16,1.441387638157805,2.553633167720295
2021-12-17,1.389464799705474,2.4698796412283577
2021-12-20,1.4016547393300474,2.4926697821021313
2021-12-21,1.3854710064037428,2.4642134376174205
2021-12-22,1.3819518152606383,2.4578516628858034
2021-12-23,1.3819518152606383,2.4578516628858034
2021-12-24,1.3819518152606383,2.4578516628858034
2021-12-27,1.3819518152606383,2.4578516628858034
2021-12-28,1.3819518152606383,2.4578516628858034
2021-12-29,1.3819518152606383,2.4578516628858034
2021-12-30,1.3819518152606383,2.4578516628858034
2021-12-31,1.3819518152606383,2.4578516628858034
2022-01-03,1.3819518152606383,2.4578516628858034
2022-01-04,1.387069572223554,2.4672767294056484
2022-01-05,1.4299101184371652,2.5528810639177175
2022-01-06,1.390293089869706,2.4866358007138794
2022-01-07,1.3904222502118964,2.486872571357884
2022-01-10,1.4086560374256878,2.5216524356875216
2022-01-11,1.3491418535751067,2.4264245386500765
2022-01-12,1.342540164620116,2.4144458525854993
2022-01-13,1.3894105010675781,2.509784861869856
2022-01-14,1.3945880114882259,2.5194840485214534
2022-01-17,1.3951194389683168,2.5204695946500952
2022-01-18,1.3968098724927793,2.523612845108321
2022-01-19,1.3593175273087448,2.4598918813457753
2022-01-20,1.416132000233192,2.579097336087542
2022-01-21,1.39380283923119,2.539486527616265
2022-01-24,1.3812475092474032,2.516692177474721
2022-01-25,1.3735093971127428,2.5024899491825745
2022-01-27,1.3642550594093352,2.4855671389156346
2022-01-28,1.3521498266008336,2.462375950957689
2022-01-31,1.4811924556087062,2.631598709717136
2022-02-01,1.4811924556087062,2.631598709717136
2022-02-02,1.4811924556087062,2.631598709717136
2022-02-03,1.4811924556087062,2.631598709717136
2022-02-04,1.4811924556087062,2.631598709717136
2022-02-07,1.4811924556087062,2.631598709717136
2022-02-08,1.4811924556087062,2.631598709717136
2022-02-09,1.4223124324152223,2.5105512839384767
2022-02-10,1.5637160293830277,2.684305738375752
2022-02-11,1.5633263918679041,2.6836170825971957
2022-02-14,1.5838665311058093,2.7182115597557153
2022-02-15,1.5614213267969503,2.6765908600224053
2022-02-16,1.543815219831093,2.644355879921077
2022-02-17,1.5928358163493257,2.721146004511612
2022-02-18,1.5511973332631548,2.6413071589379116
2022-02-21,1.5752593305135327,2.6811846120917697
2022-02-22,1.5907298948042026,2.7073393589491626
2022-02-23,1.5070967832143267,2.535591699828403
2022-02-24,1.457373686218706,2.441352959850285
2022-02-25,1.4683646239267787,2.4597882608393435
2022-02-28,1.4815807343279104,2.4818579734263895
2022-03-02,1.1891076805859953,1.7818277992833378
2022-03-03,1.347751529629538,1.9679411481891262
2022-03-04,1.2771933430221167,1.8536140352607582
2022-03-07,1.5603800641867225,2.1000613906218746
2022-03-08,1.5603800641867225,2.1000613906218746
2022-03-09,1.5603800641867225,2.1000613906218746
2022-03-10,1.5603800641867225,2.1000613906218746
2022-03-11,1.5603800641867225,2.1000613906218746
2022-03-14,1.5603800641867225,2.1000613906218746
2022-03-15,1.5603800641867225,2.1000613906218746
2022-03-16,1.5603800641867225,2.1000613906218746
2022-03-17,1.5603800641867225,2.1000613906218746
2022-03-21,1.5603800641867225,2.1000613906218746
2022-03-22,1.5603800641867225,2.1000613906218746
2022-03-23,1.5603800641867225,2.1000613906218746
2022-03-24,1.4961033500893293,2.0046216690135625
2022-03-25,1.5699347419446936,2.0949696257955885
2022-03-28,1.585093910247179,2.1151228476222443
2022-03-29,1.6043139414591834,2.1405283825851473
2022-03-30,1.678621612529374,2.2306136052737084
2022-03-31,1.6379040531697,2.1722864420216608
2022-04-01,1.6927234170441223,2.240483894643644
2022-04-04,1.7857716961142602,2.348462412025084
2022-04-05,1.7857716961142602,2.348462412025084
2022-04-06,1.7857716961142602,2.348462412025084
2022-04-07,1.7857716961142602,2.348462412025084
2022-04-08,1.7857716961142602,2.348462412025084
2022-04-11,1.741215147849145,2.2846972379569945
2022-04-12,1.901711756220401,2.4462266058231323
2022-04-13,1.7828352628359527,2.263667530568474
2022-04-18,1.6424911141639564,2.0499396300066524
2022-04-19,1.5402190376064893,1.9048734381569778
2022-04-20,1.4219435775349416,1.7381896823019334
2022-04-21,1.3405500073595535,1.629531129609167
2022-04-22,1.4004498823255906,1.698647734391819
2022-04-25,1.5656907413224295,1.8644749243265077
2022-04-26,1.7541238470469127,2.0414262695802257
2022-04-27,1.8274271006488514,2.120499911897136
2022-04-28,1.8306216465915688,2.1242587119098366
2022-04-29,1.7812536536632673,2.062592115877282
2022-05-02,1.8290830213982583,2.1156951672151276
2022-05-04,1.9083551811334303,2.1998542752971733
2022-05-05,1.9083551811334303,2.1998542752971733
2022-05-06,1.9083551811334303,2.1998542752971733
2022-05-09,1.9600154881442586,2.2646412898751445
2022-05-10,1.9448733644365293,2.247137715683263
2022-05-11,1.6542271061063198,2.023336165280259
2022-05-12,1.5598432263982263,1.9190283946893363
2022-05-13,1.4623687569957795,1.7837052583704507
2022-05-16,1.440103958934045,1.7616776923049537
2022-05-17,1.4054714199818161,1.7172612041539843
2022-05-18,1.43376246576758,1.7511963621565803
2022-05-19,1.4538932534480147,1.7755519832123812
2022-05-20,1.4881213267528441,1.81630322446331
2022-05-23,1.4628132624633754,1.7841643141434504
2022-05-24,1.2512226237919244,1.4751418000964538
2022-05-25,1.6293714158334833,1.7583482817401908
2022-05-26,1.5912530998091985,1.7152681902892468
2022-05-27,1.3791638950198035,1.4471113419011783
2022-05-30,1.3677546086486523,1.434938104527709
2022-05-31,1.5529045047263133,1.6010046632752106
2022-06-01,1.5296754282394514,1.5763633855617503
2022-06-02,1.6827876762553977,1.7146154519916974
2022-06-03,1.6827876762553977,1.7146154519916974
2022-06-06,1.6827876762553977,1.7146154519916974
2022-06-07,1.6827876762553977,1.7146154519916974
2022-06-08,1.6827876762553977,1.7146154519916974
2022-06-09,1.6827876762553977,1.7146154519916974
2022-06-10,1.6827876762553977,1.7146154519916974
2022-06-13,1.6827876762553977,1.7146154519916974
2022-06-14,1.6827876762553977,1.7146154519916974
2022-06-15,1.6827876762553977,1.7146154519916974
2022-06-16,1.6827876762553977,1.7146154519916974
2022-06-17,1.6684059636441289,1.6996091507327882
2022-06-20,1.6968147579415787,1.7281642632204157
2022-06-21,1.6499387497848739,1.6779601503954595
2022-06-22,1.4696140799306816,1.4683172352414158
2022-06-23,1.449467048122993,1.4477242822005267
2022-06-24,1.4263799218970385,1.424096998967451
2022-06-27,1.365459212169701,1.360291462630539
2022-06-28,1.3595935371266483,1.3543819736230245
2022-06-29,1.6938076227584782,1.6035150414404464
2022-06-30,1.7694822275294362,1.6716346743983659
2022-07-01,1.666210762160353,1.5656284418115816
2022-07-04,1.6152207506318623,1.51552566483205
2022-07-05,1.6237122816413807,1.5235180149398824
2022-07-06,1.4956293649107346,1.3923120925076682
2022-07-07,1.5381606481504244,1.4310981590619793
2022-07-08,1.6502923740439543,1.528036178546606
2022-07-11,1.711955355983739,1.583102309981032
2022-07-12,1.7121140924164573,1.5832505476182224
2022-07-13,1.722224376258004,1.5926241905073903
2022-07-14,1.6289704538841177,1.5000030434462919
2022-07-15,1.6478747851577547,1.5173386513183815
2022-07-18,1.695263366943366,1.5599001778611645
2022-07-19,1.7015144674268698,1.5656822095277902
2022-07-20,1.7015144674268698,1.5656822095277902
2022-07-21,1.6869675984486274,1.5520280132233488
2022-07-22,1.7016944007239931,1.5655642903343368
2022-07-25,1.7530095564333148,1.6114536546642872
2022-07-26,1.7588962417197205,1.6168974891628909
2022-07-27,1.7330220667452412,1.592417893305063
2022-07-28,1.7416301688925369,1.600357846488104
2022-07-29,1.694487888736808,1.5551520286722527
2022-08-01,1.7497948950819087,1.608599270132245
2022-08-02,1.9313592827941404,1.7873035330390303
2022-08-03,1.726155338711091,1.6249746938434104
2022-08-04,1.6313509215019049,1.5410322228107307
2022-08-05,1.5815259766921552,1.4952035704747522
2022-08-08,1.5029368890258687,1.4242400760147498
2022-08-10,1.485121453782085,1.407022229626418
2022-08-11,1.5607776882672757,1.475505846556252
2022-08-12,1.4069994214330543,1.3151921028021556
2022-08-16,1.4677490917219076,1.370177554752465
2022-08-17,1.3397586232749121,1.2410647110854691
2022-08-18,1.53177632875244,1.4188681118260185
2022-08-19,1.5231952945318763,1.4124545472955778
2022-08-22,1.423657599533439,1.318909160941505
2022-08-23,1.4147960716508805,1.3100450293752415
2022-08-24,1.2717979612339245,1.177808131673913
2022-08-25,1.461109116555419,1.3253589347034131
2022-08-26,1.3275353381724253,1.1946992969098453
2022-08-29,1.5145441260643138,1.3517735717447381
2022-08-30,1.5289932864786335,1.3645421057090714
2022-09-01,1.5017864289911769,1.3404828504975113
2022-09-02,1.4318674880646283,1.280161687145381
2022-09-05,1.4150507647884352,1.2651738101407108
2022-09-06,1.3942187022520605,1.2466491302973817
2022-09-07,1.3952380579897143,1.2475667635138044
2022-09-08,1.3434864974633447,1.2023139785693817
2022-09-09,1.3415474667520961,1.2005705423820512
2022-09-12,1.3415474667520961,1.2005705423820512
2022-09-13,1.3415474667520961,1.2005705423820512
2022-09-14,1.3415474667520961,1.2005705423820512
2022-09-15,1.3415474667520961,1.2005705423820512
2022-09-16,1.3255651928115937,1.1860653301258863
2022-09-19,1.3088065721646542,1.1708557772837425
2022-09-20,1.3759396077190316,1.2290421138170267
2022-09-21,1.3816714727458026,1.2341768007841165
2022-09-22,1.414962476543212,1.2635400951951636
2022-09-23,1.4042176705353322,1.253826874569325
2022-09-26,1.3947672626742778,1.2452917763408207
2022-09-27,1.5072262641353928,1.339627024707706
2022-09-28,1.5706930235047254,1.3942391274604438
2022-09-29,1.5706930235047254,1.3942391274604438
2022-09-30,1.5706930235047254,1.3942391274604438
2022-10-03,1.5706930235047254,1.3942391274604438
2022-10-04,1.5706930235047254,1.3942391274604438
2022-10-06,1.5494929530827075,1.375033551076313
2022-10-07,1.564094116501663,1.3879727598188927
2022-10-10,1.5166564255389214,1.344373411738421
2022-10-11,1.5120696489019518,1.3402674021077807
2022-10-12,1.5050664739343158,1.3339900161812945
2022-10-13,1.4526374023886877,1.28581566045019
2022-10-14,1.4561833918720797,1.2889688026735358
2022-10-17,1.5053404611980763,1.3315185094079902
2022-10-18,1.4342364115999107,1.2657026264497822
2022-10-19,1.4808044325756737,1.308588459641947
2022-10-20,1.3011781755287488,1.1528130745394358
2022-10-21,1.2338932946668342,1.1005929501501739
2022-10-24,1.267132984598688,1.1298920107639987
2022-10-25,1.3432049557224301,1.1953420822843313
2022-10-27,1.3712281846816152,1.2200459879819034
2022-10-28,1.2722923883739865,1.1271790654508387
2022-10-31,1.3164293697472855,1.165595697795323
2022-11-01,1.3534578694823614,1.1979201950600484
2022-11-02,1.3424513015045383,1.1880668819728297
2022-11-03,1.3337289671942463,1.1802693464019784
2022-11-04,1.3685353535377407,1.2106720024052655
2022-11-07,1.3685353535377407,1.2106720024052655
2022-11-09,1.3685353535377407,1.2106720024052655
2022-11-10,1.3907133942339571,1.2306470197158443
2022-11-11,1.3031484803717959,1.1502745589760834
2022-11-14,1.3160451798359354,1.1610068902698796
2022-11-15,1.2819537929357168,1.131088277274109
2022-11-16,1.4136486574970029,1.2441130240440403
2022-11-17,1.421878599907867,1.2513021645109346
2022-11-18,1.4477292407506965,1.2735670863842679
2022-11-21,1.4302412876267694,1.2581698411166635
2022-11-22,1.4774420927333678,1.3010940405970999
2022-11-23,1.4706039043708066,1.2950553041549193
2022-11-24,1.459494107141856,1.2852688260504128
2022-11-25,1.4508658272913684,1.2776580016052963
2022-11-28,1.4676468452110056,1.2926751931174125
2022-11-29,1.4487924396999072,1.2761368218114042
2022-11-30,1.4487924396999072,1.2761368218114042
2022-12-01,1.4487924396999072,1.2761368218114042
2022-12-02,1.4487924396999072,1.2761368218114042
2022-12-05,1.4487924396999072,1.2761368218114042
2022-12-06,1.5048480072067192,1.3274778652205204
2022-12-07,1.5094919837841672,1.331614589786955
2022-12-08,1.4421895129144864,1.2741065329746573
2022-12-09,1.4889321351205473,1.316809923246651
2022-12-12,1.459071480426457,1.2906760620743922
2022-12-13,1.4573227545626373,1.2891204619745016
2022-12-14,1.4129138803316628,1.2505577046087382
2022-12-15,1.415062656502966,1.2524737188725183
2022-12-16,1.390828456535466,1.2311777149940428
2022-12-19,1.390828456535466,1.2311777149940428
2022-12-20,1.390828456535466,1.2311777149940428
2022-12-21,1.390828456535466,1.2311777149940428
2022-12-22,1.390828456535466,1.2311777149940428
2022-12-23,1.390828456535466,1.2311777149940428
2022-12-26,1.390828456535466,1.2311777149940428
2022-12-27,1.390828456535466,1.2311777149940428
2022-12-28,1.390828456535466,1.2311777149940428
2022-12-29,1.390828456535466,1.2311777149940428
2022-12-30,1.390828456535466,1.2311777149940428
2023-01-02,1.390828456535466,1.2311777149940428
2023-01-03,1.390828456535466,1.2311777149940428
2023-01-04,1.390828456535466,1.2311777149940428
2023-01-05,1.390828456535466,1.2311777149940428
2023-01-06,1.390828456535466,1.2311777149940428
2023-01-09,1.348218096199299,1.1923901608631278
2023-01-10,1.4243706633443558,1.257293996516563
2023-01-11,1.494082203442592,1.3167430705160343
2023-01-12,1.4792357300517345,1.3034577610420146
2023-01-13,1.4076214461340466,1.2374872754188508
2023-01-16,1.520517695911791,1.3308475038847076
2023-01-17,1.5284721140917958,1.337826645777366
2023-01-18,1.5284721140917958,1.337826645777366
2023-01-19,1.5284721140917958,1.337826645777366
2023-01-20,1.5068069535399329,1.3184934988950887
2023-01-23,1.5679000088711246,1.370379059639949
2023-01-24,1.5611510288581525,1.3644126255629796
2023-01-25,1.6079917312130196,1.4044863195595594
2023-01-27,1.609171571557035,1.4055241992368772
2023-01-30,1.6005676349384328,1.397910828628831
2023-01-31,1.611489987052178,1.4074609773012001
2023-02-01,1.5837337511505294,1.3826248403757924
2023-02-02,1.6437946991301948,1.4342997401268887
2023-02-03,1.5147520701223223,1.3293637996850278
2023-02-06,1.5147520701223223,1.3293637996850278
2023-02-07,1.5147520701223223,1.3293637996850278
2023-02-08,1.5147520701223223,1.3293637996850278
2023-02-09,1.5147520701223223,1.3293637996850278
2023-02-10,1.5147520701223223,1.3293637996850278
2023-02-13,1.5147520701223223,1.3293637996850278
2023-02-14,1.5736320933158061,1.383279492237855
2023-02-15,1.4322284963480008,1.2680178286771628
2023-02-16,1.4326181338631243,1.2683650791739225
2023-02-17,1.412077994625219,1.2502734062434135
2023-02-20,1.434523198934078,1.2705254242912
2023-02-21,1.4521293058999354,1.286377963746298
2023-02-22,1.4031087093817027,1.2438584074509698
2023-02-23,1.4447471924678736,1.2818862403070623
2023-02-24,1.4206851952174957,1.2606888155045677
2023-02-27,1.3860408134697488,1.2296961539738265
2023-02-28,1.4824730338740517,1.3193906726182214
2023-03-01,1.498339126229859,1.334314757118578
2023-03-02,1.5146819544531462,1.3486371781237192
2023-03-03,1.5123022762912735,1.3465337231081038
2023-03-06,1.8333321377050185,1.6934483543959147
2023-03-08,1.705782954158317,1.5909758635401887
2023-03-09,1.7813731950422573,1.6658484314529574
2023-03-10,1.4981864738776516,1.4505949304763965
2023-03-13,1.4981864738776516,1.4505949304763965
2023-03-14,1.4981864738776516,1.4505949304763965
2023-03-15,1.4981864738776516,1.4505949304763965
2023-03-16,1.4981864738776516,1.4505949304763965
2023-03-17,1.4981864738776516,1.4505949304763965
2023-03-20,1.4981864738776516,1.4505949304763965
2023-03-21,1.4981864738776516,1.4505949304763965
2023-03-22,1.4981864738776516,1.4505949304763965
2023-03-23,1.4981864738776516,1.4505949304763965
2023-03-24,1.4981864738776516,1.4505949304763965
2023-03-27,1.4981864738776516,1.4505949304763965
2023-03-28,1.5624631879750448,1.5163391968507727
2023-03-29,1.4299397818990782,1.3880118447883094
2023-03-31,1.6111285087892766,1.537824417060977
2023-04-03,1.5586830709336168,1.486817415921397
2023-04-05,1.5063714622793862,1.4398153661897592
2023-04-06,1.5366320838969971,1.4700299057634798
2023-04-10,1.5159305234831155,1.4512863797650877
2023-04-11,1.3965933298741182,1.3411090661938905
2023-04-12,1.4648486727461216,1.4041306843634196
2023-04-13,1.440333061087269,1.3800688833423507
2023-04-17,1.3525983861683313,1.2908576183562417
2023-04-18,1.3780023671935273,1.3148795364999246
2023-04-19,1.465187702460186,1.3988076698327427
2023-04-20,1.3370598270749736,1.2903061991799154
2023-04-21,1.4565911865464825,1.4159262926875642
2023-04-24,1.631947093964644,1.6021346873975124
2023-04-25,1.7087808505087254,1.6864254336753886
2023-04-26,1.8502410230075725,1.8399868717989478
2023-04-27,1.9316345931829606,1.9284559638454843
2023-04-28,1.8717347182169235,1.8711691160841248
2023-05-02,1.7064938592200847,1.7277489527340257
2023-05-03,1.5180607534956014,1.5638321018774466
2023-05-04,1.4447574998936628,1.4919086072944936
2023-05-05,1.4415629539509454,1.4885887806363398
2023-05-08,1.4909309468792469,1.5420551650280214
2023-05-09,1.4431015791442559,1.4939749280123182
2023-05-10,1.3638294194090839,1.4160289496651548
2023-05-11,1.3638294194090839,1.4160289496651548
2023-05-12,1.3638294194090839,1.4160289496651548
2023-05-15,1.3638294194090839,1.4160289496651548
2023-05-16,1.3638294194090839,1.4160289496651548
2023-05-17,1.3638294194090839,1.4160289496651548
2023-05-18,1.3638294194090839,1.4160289496651548
2023-05-19,1.4651220856429483,1.5306685210683242
2023-05-22,1.383067919437917,1.4495616916697562
2023-05-23,1.4177004583901458,1.4871590536875017
2023-05-24,1.3894094126043819,1.457872741224871
2023-05-25,1.3692786249239473,1.4368968305942973
2023-05-26,1.3350505516191178,1.4016017599875152
2023-05-29,1.3603586159085865,1.4288919723406752
2023-05-30,1.5719492545800375,1.696107904122584
2023-05-31,1.1938004625384786,1.4073423753969563
2023-06-01,1.2319187785627634,1.4541265507866892
2023-06-02,1.4440079833521584,1.7637343133316443
2023-06-05,1.4554172697233096,1.778017957937295
2023-06-06,1.2702673736456487,1.5907740573401357
2023-06-07,1.2934964501325106,1.6208545716128149
2023-06-08,1.1088369478524125,1.4126887765507028
2023-06-09,1.0602705570176691,1.347767975570078
2023-06-12,1.0205058859053977,1.295216289999252
2023-06-13,1.0867772181725772,1.3750665949365548
2023-06-14,1.0240253744845844,1.291045873363644
2023-06-15,1.0023837651163017,1.2631138191518017
2023-06-16,0.980337796669059,1.2346846030259104
2023-06-19,1.1136609559704531,1.3843461631152123
2023-06-20,1.0849584958343967,1.3475449125962327
2023-06-21,1.0913476301673526,1.3554954428997166
2023-06-22,1.1640470800771154,1.4406297499729266
2023-06-23,1.1175131631308692,1.3788839421546182
2023-06-26,1.1495528555571306,1.4156515902676146
2023-06-27,1.192630750660239,1.4715981507416125
2023-06-28,1.2458287573962552,1.557452871755227
2023-06-30,1.3151571234555666,1.642437628977709
2023-07-03,1.2409639330731783,1.538164215848896
2023-07-04,1.2444990701332388,1.5430852997210869
2023-07-05,1.268008255299742,1.572183361830267
2023-07-06,0.9788736615953313,1.3284299572468892
2023-07-07,0.9665087232572949,1.3136221736345584
2023-07-10,1.1010229654872672,1.5116511881533194
2023-07-11,1.203512709244883,1.653750167981754
2023-07-12,1.2125695760326818,1.6659599599628507
2023-07-13,1.3406524927633279,1.8736322010504698
2023-07-14,1.298121209523638,1.816622801100615
2023-07-17,1.1859894836301081,1.678737430546182
2023-07-18,1.1243265016903234,1.596661807849154
2023-07-19,1.1241677652576052,1.5964341370977357
2023-07-20,1.0510482485985864,1.4858446131597431
2023-07-21,1.0776093474723747,1.5302755238883605
2023-07-24,1.4091536777945186,1.796087357139373
2023-07-25,1.4352991605357421,1.8251504130870102
2023-07-26,1.4290480600522384,1.817154243313858
2023-07-27,1.4165385689349401,1.8008122203814165
2023-07-28,1.4821629708371518,1.8817332456615345
2023-07-31,1.5177131847429948,1.9239309169334913
2023-08-01,1.4804521230268506,1.8797204494971065
2023-08-02,1.5139046097088453,1.9204620726711499
2023-08-03,1.484043121620985,1.8783492551688619
2023-08-04,1.441755302100269,1.8225535474290018
2023-08-07,1.4996736536432564,1.9000148086488167
2023-08-08,1.5011005737770624,1.9018508653282284
2023-08-09,1.4787109732071857,1.8760782948621615
2023-08-10,1.4950906580391783,1.8967446726232589
2023-08-11,1.464812281888044,1.8564245556495522
2023-08-14,1.4694138632097558,1.8623050115149573
2023-08-16,1.4073865601395747,1.77717689868197
2023-08-17,1.3743775086497554,1.73185255409508
2023-08-18,1.275915660594433,1.61314937391871
2023-08-21,1.423158132171163,1.836807552110497
2023-08-22,1.3741514686688554,1.7780357389220958
2023-08-23,1.506894721475507,1.9797656658424276
2023-08-24,1.3902735142892013,1.840717586432987
2023-08-25,1.3010946664054004,1.749988843760645
2023-08-28,1.4587928876795113,1.9517986199769692
2023-08-29,1.523047823599539,2.0467809614388073
2023-08-30,1.5880184949456597,2.1438789309086284
2023-08-31,1.3580589408767507,1.9239045431125883
2023-09-01,1.4916327192597445,2.155577517914516
2023-09-04,1.3376676609109597,1.979217301525429
2023-09-05,1.3163024428608412,1.9481008601412957
2023-09-06,1.3163024428608412,1.9481008601412957
2023-09-07,1.3163024428608412,1.9481008601412957
2023-09-08,1.3163024428608412,1.9481008601412957
2023-09-11,1.3163024428608412,1.9481008601412957
2023-09-12,1.264545423045517,1.8649331504549265
2023-09-13,1.3163198965824636,1.9367475994957872
2023-09-14,1.440684709144077,2.087964408338007
2023-09-15,1.440684709144077,2.087964408338007
2023-09-18,1.440684709144077,2.087964408338007
2023-09-20,1.4173742478764408,2.052433576821191
2023-09-21,1.4757817942820237,2.1308719610364486
2023-09-22,1.4387721028889722,2.0709833825543744
2023-09-25,1.4092949376360622,2.023948702545813
2023-09-26,1.4152232231920934,2.030855363799517
2023-09-27,1.3887058783252684,1.9913741978421806
2023-09-28,1.4258122019309305,2.0373766466406718
2023-09-29,1.43905057360647,2.0568409154734684
2023-10-03,1.4253129121016308,2.0359438144792614
2023-10-04,1.3303195994186734,1.922643104793208
2023-10-05,1.2668528400493408,1.837429597135445
2023-10-06,1.2668528400493408,1.837429597135445
2023-10-09,1.2526313297316174,1.8161424122150067
2023-10-10,1.214024071165824,1.7567070569787646
2023-10-11,1.3269052500347274,1.8970488372055416
2023-10-12,1.3785612087673897,1.971054925951818
2023-10-13,1.3627893729820741,1.9485849832519029
2023-10-16,1.404823990347171,2.014241811231612
2023-10-17,1.2894551743564897,1.8197579743289223
2023-10-18,1.3739269403257979,1.9292351636849356
2023-10-19,1.4853618724373938,2.086807508865158
2023-10-20,1.5158673523224018,2.1280135099711037
2023-10-23,1.5910251270924867,2.207232689687165
2023-10-25,1.6621291766906523,2.319299975426235
2023-10-26,1.6706014193186902,2.331540920118872
2023-10-27,1.7366832631112679,2.4363300425030663
2023-10-30,1.6390473482713375,2.318274739004848
2023-10-31,1.6058076583394836,2.2728058585974846
2023-11-01,1.5297356872157415,2.175752799745998
2023-11-02,1.5017124582565564,2.1368679885424067
2023-11-03,1.6006482545641851,2.3035652030341507
2023-11-06,1.5565112731908861,2.2433019206274043
2023-11-07,1.5194827734558103,2.192036910733085
2023-11-08,1.5304893414336334,2.208502161201095
2023-11-09,1.5392116757439254,2.221511950059583
2023-11-10,1.504405289400431,2.17307500602685
2023-11-13,1.504405289400431,2.17307500602685
2023-11-15,1.504405289400431,2.17307500602685
2023-11-16,1.504405289400431,2.17307500602685
2023-11-17,1.5793338118762337,2.297075362010425
2023-11-20,1.5120545130671859,2.2079155454572543
2023-11-21,1.4845717426449263,2.164428243740563
2023-11-22,1.4402764954117306,2.11348652626537
2023-11-23,1.3632726306742353,1.9913594748295893
2023-11-24,1.35201938641845,1.9761862219912727
2023-11-28,1.4116613569012009,2.0579622972103686
2023-11-29,1.358456886115498,1.9732219360298102
2023-11-30,1.3506576195050217,1.9615925830078669
2023-12-01,1.2439690202271338,1.783234194391919
2023-12-04,1.2388729576104291,1.7757894279337256
2023-12-05,1.3348326340299972,1.8973033418365817
2023-12-06,1.2984234317928023,1.8423669933414335
2023-12-07,1.170469606308693,1.6319918897933021
2023-12-08,1.2273694978052598,1.7068424739154244
2023-12-11,1.2879880695510055,1.7858279997927062
2023-12-12,1.3730548943692116,1.892236420365594
2023-12-13,1.3434050322459827,1.84926306914536
2023-12-14,1.2299180301678059,1.6708777795377145
2023-12-15,1.3287590262310476,1.7906717485161159
2023-12-18,1.2054404302501533,1.600660065911365
2023-12-19,1.3013976199568627,1.7155909481338274
2023-12-20,1.4088022268417018,1.8405857730213913
2023-12-21,1.4088022268417018,1.8405857730213913
2023-12-22,1.4088022268417018,1.8405857730213913
2023-12-26,1.3936434577439663,1.820159802176398
2023-12-27,1.3764386413964083,1.7969432545600637
2023-12-28,1.3199509833272707,1.7176302316151248
2023-12-29,1.4434426622045073,1.8565262632314148
2024-01-01,1.4420700264830941,1.8547336976136903
2024-01-02,1.617123617344908,2.0323085931725946
2024-01-03,1.617123617344908,2.0323085931725946
2024-01-04,1.617123617344908,2.0323085931725946
2024-01-05,1.617123617344908,2.0323085931725946
2024-01-08,1.617123617344908,2.0323085931725946
2024-01-09,1.617123617344908,2.0323085931725946
2024-01-10,1.617123617344908,2.0323085931725946
2024-01-11,1.617123617344908,2.0323085931725946
2024-01-12,1.617123617344908,2.0323085931725946
2024-01-15,1.617123617344908,2.0323085931725946
2024-01-16,1.617123617344908,2.0323085931725946
2024-01-17,1.5951304223418565,2.00048856891495
2024-01-18,1.4125164640320784,1.7607762530620876
2024-01-19,1.3532747438116155,1.6923492782100888
2024-01-23,1.2374593113739445,1.5260501749721336
2024-01-24,1.4057307139157762,1.7303324251273269
2024-01-25,1.3061241037398295,1.6219713288916633
2024-01-29,1.2590865158378017,1.5612125448061585
2024-01-30,1.2618456509211855,1.564657891277499
2024-01-31,1.3327182779803843,1.6470893473429329
2024-02-01,1.390335067326527,1.7180330341154637
2024-02-02,1.2969392127970085,1.604707767694046
2024-02-05,1.3507232644320002,1.6692016313682554
2024-02-06,1.361085284358948,1.680761841874487
2024-02-07,1.3216970031157107,1.629781434401941
2024-02-08,1.3775591412701982,1.6966446145432412
2024-02-09,1.366636789156453,1.6831927640967754
2024-02-12,1.3943930250581016,1.7187851430683756
2024-02-13,1.3464373098869378,1.6619285288514523
2024-02-14,1.3464373098869378,1.6619285288514523
2024-02-15,1.3169405806083525,1.624053021433855
2024-02-16,1.3235502305676754,1.632235913194318
2024-02-19,1.2516508965718558,1.5366567001657558
2024-02-20,1.2764628461368581,1.5666837841073067
2024-02-21,1.4095902600132277,1.7091355477308232
2024-02-22,1.3979335174560596,1.694669352456791
2024-02-23,1.4565928204526728,1.7621744263368022
2024-02-26,1.6040194682991349,1.9127051675390003
2024-02-27,1.5986534603872855,1.906174534857128
2024-02-28,1.6180982094651168,1.929180897429848
2024-02-29,1.6180982094651168,1.929180897429848
2024-03-01,1.6180982094651168,1.929180897429848
2024-03-04,1.6180982094651168,1.929180897429848
2024-03-05,1.6180982094651168,1.929180897429848
2024-03-06,1.579035726265007,1.879898874723934
2024-03-07,1.736118245376736,2.0429446917665537
2024-03-11,1.8340132152997048,2.1422625601174676
2024-03-12,1.921053912120029,2.2433407102940843
2024-03-13,1.8568503517524269,2.1660322443477265
2024-03-14,1.7435303533476647,2.0173682340998678
2024-03-15,1.8115152385462379,2.0854816158735074
2024-03-18,1.7783761701940497,2.047999324290818
2024-03-19,1.7670242214325595,2.0346901513655884
2024-03-20,1.7173289473100146,1.9733252980449092
2024-03-21,1.7239639251996257,1.9810104961964285
2024-03-22,1.7310706850184436,1.9892387708227541
2024-03-26,1.7918409488969775,2.055201962360365
2024-03-27,1.7918409488969775,2.055201962360365
2024-03-28,1.7918409488969775,2.055201962360365
2024-04-01,1.7918409488969775,2.055201962360365
2024-04-02,1.7918409488969775,2.055201962360365
2024-04-03,1.7491953175331723,2.0030924230381872
2024-04-04,1.8711575836814809,2.1244836562619698
2024-04-05,2.126474099639169,2.324166933208731
2024-04-08,2.1374963023621305,2.336304926533738
2024-04-09,2.1374963023621305,2.336304926533738
2024-04-10,2.1961883165827327,2.4068937560778982
2024-04-12,1.9998404213900487,2.2398758375693273
2024-04-15,1.9893051056136934,2.22670526034057
2024-04-16,1.931826280752979,2.1600999132218446
2024-04-18,1.9421218085363632,2.1719768250643785
2024-04-19,1.8760911758998748,2.0970060717289667
2024-04-22,1.8687527127056085,2.088084972891245
2024-04-23,1.7709471885835568,1.981749694681577
2024-04-24,1.8810887207524742,2.0982402583977477
2024-04-25,1.9643742655672312,2.203490276511138
2024-04-26,2.0247773082828515,2.2630255594338973
2024-04-29,1.9324787034396684,2.1570288412528
2024-04-30,1.9003111203989724,2.1218646763555236
2024-05-02,1.961912659886218,2.186640254985562
2024-05-03,1.8824989244544432,2.095574011132407
2024-05-06,1.9737847506804493,2.1940664265849907
2024-05-07,2.075780574063856,2.288371234324844
2024-05-08,2.0418195531175805,2.2485898921259144
2024-05-09,2.0493924520303217,2.2570198195102176
2024-05-10,1.9805358802701745,2.1734695488517755
2024-05-13,1.929295123802131,2.1128723335786384
2024-05-14,1.9381980052833185,2.1226956706796334
2024-05-15,2.006913659862729,2.1931429593226937
2024-05-16,1.970094889631934,2.1504124475360826
2024-05-17,1.974864983131063,2.1556860763248156
2024-05-21,2.072916460075721,2.251913043572131
2024-05-22,2.0435047162588376,2.2181941548038298
2024-05-23,1.939405205098345,2.089823166306979
2024-05-24,1.939405205098345,2.089823166306979
2024-05-27,1.939405205098345,2.089823166306979
2024-05-28,1.939405205098345,2.089823166306979
2024-05-29,1.939405205098345,2.089823166306979
2024-05-30,1.939405205098345,2.089823166306979
2024-05-31,1.8133911385819075,1.9341205652704272
2024-06-03,2.108161684565624,2.149747572394532
2024-06-04,1.7589165435117606,1.6851045211442404
2024-06-05,1.9393029300746973,1.832849519618906
2024-06-06,1.8897804738603745,1.7834843081518552
2024-06-07,2.049996255919774,1.914956852245727
2024-06-10,2.1382774206585755,1.991910419550988
2024-06-11,2.1382774206585755,1.991910419550988
2024-06-12,2.1382774206585755,1.991910419550988
2024-06-13,2.1382774206585755,1.991910419550988
2024-06-14,2.1382774206585755,1.991910419550988
2024-06-18,2.1382774206585755,1.991910419550988
2024-06-19,2.1382774206585755,1.991910419550988
2024-06-20,2.1698246749227272,2.0226507927374695
2024-06-21,2.2183910657574706,2.070819609268955
2024-06-24,2.258155736869742,2.1100515673656512
2024-06-25,2.1918844046025625,2.051024914925401
2024-06-26,2.2546362482905553,2.114438096708154
2024-06-27,2.276277857658838,2.1355426030663267
2024-06-28,2.2983238261060808,2.1570703454200184
2024-07-01,2.1650006668046866,2.045933435903998
2024-07-02,2.193703126940743,2.074285446484177
2024-07-03,2.187313992607787,2.0681789022955503
2024-07-04,2.1146145426980243,2.0030780298197626
2024-07-05,2.1755301722555394,2.065201900292805
2024-07-08,2.115081685531828,2.0102072513629636
2024-07-09,2.1188797985854246,2.013888486840833
2024-07-10,2.2460064617036006,2.1527174790098242
2024-07-11,2.174356779392467,2.084675667509365
2024-07-12,2.3281924493785167,2.2415087413050463
2024-07-15,2.319507720244547,2.2318679235116146
2024-07-16,2.3880002896082293,2.2915730828574823
2024-07-18,2.5042469553224636,2.3793360177278107
2024-07-19,2.3981304464917295,2.278627502999066
2024-07-22,2.4064685806342694,2.2861030425066216
2024-07-23,2.3549688484051443,2.2388829867803928
2024-07-24,2.337420450607827,2.222180649445175
2024-07-25,2.337420450607827,2.222180649445175
2024-07-26,2.337420450607827,2.222180649445175
2024-07-29,2.337420450607827,2.222180649445175
2024-07-30,2.337420450607827,2.222180649445175
2024-07-31,2.337420450607827,2.222180649445175
2024-08-01,2.4004296834252994,2.287439534377381
2024-08-02,2.4671225069253975,2.35716466853657
2024-08-05,2.1166738453296166,2.139726104720722
2024-08-06,2.0431397808027816,2.069848577730908
2024-08-07,2.0431397808027816,2.069848577730908
2024-08-08,2.0556492719200796,2.0829079083061415
2024-08-09,2.0045717389961104,2.033025267878783
2024-08-12,1.9542947228149015,1.9838156267374032
2024-08-13,1.940240628821724,1.9695291853429924
2024-08-14,1.9009014568533236,1.9305430156140222
2024-08-16,1.9566371199156631,1.9912343823010625
2024-08-19,1.9903168372890836,2.0272619139723136
2024-08-20,1.979540765901825,2.01622949267838
2024-08-21,1.9793252613757573,2.0160064883610196
2024-08-22,1.9463094188579657,1.982973418385307
2024-08-23,1.9299297340259731,1.9663019235092825
2024-08-26,1.9602081101771074,1.9985930219660948
2024-08-27,1.9556065288553957,1.9938489664247276
2024-08-28,1.9995730942771672,2.0431701351358136
2024-08-29,1.8859341624954098,1.9011074440860731
2024-08-30,1.8568101252841132,1.8692628818986572
2024-09-02,1.7388744002471412,1.7354743345966976
2024-09-03,1.8000462281368534,1.792658684844115
2024-09-04,1.8311465905361963,1.8228921349320861
2024-09-05,1.8505662139087526,1.8426591641921064
2024-09-06,1.686318631955423,1.6710420210383266
2024-09-09,1.7115410408698013,1.6914717659980463
2024-09-10,1.780346725869383,1.756218183903807
2024-09-11,1.716179085900838,1.6887940909220407
2024-09-12,1.8526871560688285,1.8085008154864985
2024-09-13,1.8526871560688285,1.8085008154864985
2024-09-16,1.8526871560688285,1.8085008154864985
2024-09-17,1.8526871560688285,1.8085008154864985
2024-09-18,1.8526871560688285,1.8085008154864985
2024-09-19,1.8526871560688285,1.8085008154864985
2024-09-20,1.8526871560688285,1.8085008154864985
2024-09-23,1.8526871560688285,1.8085008154864985
2024-09-24,1.9044441758841526,1.8620993015338496
2024-09-25,1.7765414709015515,1.73290115880054
2024-09-26,1.6440582698041748,1.6141939950355457
2024-09-27,1.7235769878573333,1.6879766385974602
2024-09-30,1.70094007226262,1.6651499667901948
2024-10-01,1.7310405280022363,1.6953571666212328
2024-10-03,1.48128792731092,1.4259850443602904
2024-10-04,1.5551249448721554,1.4993433228189328
2024-10-07,1.6268693722328005,1.5702686858016655
2024-10-08,1.581666137936747,1.529492208838667
2024-10-09,1.6507254962363478,1.595515370919613
2024-10-10,1.6531321655832056,1.5976069889428137
2024-10-11,1.6367634926069923,1.5814915509314809
2024-10-14,1.6478171465996145,1.5925709336213814
2024-10-15,1.6588296246948444,1.6029425466939382
2024-10-16,1.535561437593415,1.4723075680548072
2024-10-17,1.5888901919101241,1.5219073041453726
2024-10-18,1.652022341300361,1.5813746356210612
2024-10-21,1.7676568847143859,1.6898320941944929
2024-10-22,1.6452985888718938,1.5808552116651904
2024-10-23,1.5329655723379094,1.468036449616054
2024-10-24,1.6078790035815924,1.5365948282176254
2024-10-25,1.50229431262491,1.4268272871985799
2024-10-28,1.5700163659148654,1.4996508754858966
2024-10-29,1.5090948404817421,1.4447609300228934
2024-10-30,1.446068391431682,1.3861612945709139
2024-10-31,1.3642251330214226,1.3064814648050447
2024-11-01,1.1879929470998793,1.143500700612475
2024-11-04,1.2939613784478259,1.2396417513875864
2024-11-05,1.4570207550558334,1.3801698938054054
2024-11-06,1.5576720921009997,1.46961510855421
2024-11-07,1.5576720921009997,1.46961510855421
2024-11-08,1.5576720921009997,1.46961510855421
2024-11-11,1.5576720921009997,1.46961510855421
2024-11-12,1.5503987935047703,1.4626597765146077
2024-11-13,1.565037255433667,1.4764478555970562
2024-11-14,1.6229764171085406,1.5293155732212587
2024-11-18,1.603548739588161,1.5105875013742485
2024-11-19,1.6208808162307462,1.526861317350031
2024-11-21,1.6340145678802798,1.5392312846464151
2024-11-22,1.630920173648851,1.5362823972693984
2024-11-25,1.5855675355708636,1.4918110584475266
2024-11-26,1.5893209071680625,1.4953645507093425
2024-11-27,1.6482711802450007,1.548960202619198
2024-11-28,1.6624471828700609,1.5622718848937174
2024-11-29,1.6740038626430478,1.573145751456712
2024-12-02,1.814746722911806,1.6992131103409727
2024-12-03,1.7991297794885752,1.6854413998369264
2024-12-04,1.856274655906636,1.742419885698348
2024-12-05,1.800174414395634,1.6890057096976276
2024-12-06,1.7351389360389766,1.6295148100403765
2024-12-09,1.7509146733915872,1.645531316744363
2024-12-10,1.754974322475444,1.6494221895909573
2024-12-11,1.9031863131673838,1.7981613261420577
2024-12-12,1.9082823757840885,1.8030594309900605
2024-12-13,1.8123226993645205,1.7184018442238216
2024-12-16,1.8487319016017154,1.754393223717902
2024-12-17,1.9766857270858245,1.8915439420155984
2024-12-18,1.9197858355892579,1.8390892427630803
2024-12-19,1.8591672638435122,1.7832921605459913
2024-12-20,1.7741004390253061,1.706440175880761
2024-12-23,1.803750301148535,1.736007773059206
2024-12-24,1.9172373032267118,1.8578493680370738
2024-12-26,1.8183963071634701,1.769008349116819
2024-12-27,1.9417149031443643,1.904465161361841
2024-12-30,1.845757713437655,1.8171762736950616
2024-12-31,1.738353106552816,1.7198302538447987
2025-01-01,1.738353106552816,1.7198302538447987
2025-01-02,1.721606752345538,1.7028353725915328
2025-01-03,1.6654451658431126,1.642765045782669
2025-01-06,1.751576204484965,1.7249561710897812
2025-01-07,1.8474563076670831,1.8220497471565211
2025-01-08,1.7037319893359912,1.6909162380037457
2025-01-09,1.6185154091236376,1.5995379819811486
2025-01-10,1.515549716562962,1.5158479264196671
2025-01-13,1.5121894016983006,1.5124477091945687
2025-01-14,1.5355739540390623,1.5356326753673726
2025-01-15,1.4594654647932508,1.4546387899686835
2025-01-16,1.4696212697475595,1.4647718949185553
2025-01-17,1.5565984421366323,1.5464416634443
2025-01-20,1.2860477840354392,1.2319617433967012
2025-01-21,1.3738611034516417,1.311988110873106
2025-01-22,1.422004980423587,1.3568562790489478
2025-01-23,1.4997899893618936,1.4277218556883577
2025-01-24,1.5108649062314043,1.4382709185188056
2025-01-27,1.5664738831658092,1.4944556072692867
2025-01-28,1.7159315587359947,1.6456602943175327
2025-01-29,1.7054617388582214,1.6355946703125075
2025-01-30,1.83612364468675,1.776481308829587
2025-01-31,1.739466526062606,1.6893034270100877
2025-02-01,1.7261768864608085,1.6763921540201592
2025-02-03,1.7652600561828313,1.716029919903298
2025-02-04,1.7625009210994476,1.7133225266234795
2025-02-05,1.6916282940402487,1.6475969979561365
2025-02-06,1.6556766652459691,1.6132073448595634
2025-02-07,1.6879794644442958,1.6458365925207004
2025-02-10,1.6409443928222762,1.6011920191763438
2025-02-11,1.5837416705404612,1.5472547278410778
2025-02-12,1.6219501114396833,1.5860623644538738
2025-02-13,1.574691909903798,1.541058927097193
2025-02-14,1.574691909903798,1.541058927097193
2025-02-17,1.574691909903798,1.541058927097193
2025-02-18,1.574691909903798,1.541058927097193
2025-02-19,1.574691909903798,1.541058927097193
2025-02-20,1.570819341136148,1.5370534575067942
2025-02-21,1.5199637156282728,1.4854801881856672
2025-02-24,1.6977536136833047,1.656242913232982
2025-02-25,1.6940488691787907,1.6527237043810947
2025-02-27,1.669745150906171,1.6333545369763178
2025-02-28,1.6728749492571966,1.6364984186982512
2025-03-03,1.6263096811224829,1.5930018097501226
2025-03-04,1.5020989951980477,1.485463609851094
2025-03-05,1.5439006416361574,1.5262078898449638
2025-03-06,1.5102021969503103,1.4927246661145752
2025-03-07,1.488589173810809,1.4708393703061144
2025-03-10,1.5320257275189324,1.5127455394777658
2025-03-11,1.5320257275189324,1.5127455394777658
2025-03-12,1.5320257275189324,1.5127455394777658
2025-03-13,1.5710882107190423,1.5528424533390361
2025-03-17,1.4331795090643902,1.4287614996235884
2025-03-18,1.3224854303269944,1.3257326546263126
2025-03-19,1.2693017381464835,1.2738853794249214
2025-03-20,1.306171532582726,1.3120406135713696
2025-03-21,1.4086550987482291,1.423377562210475
2025-03-24,1.2405853036391306,1.2551199842502931
2025-03-25,1.2862046162636545,1.3003139065832945
2025-03-26,1.337581067783597,1.3512454414477157
2025-03-27,1.5394434073645775,1.5407295185326562
2025-03-28,1.34554805019985,1.322140631242249
2025-04-01,1.362121243581766,1.3382100920302655
2025-04-02,1.2756538789255978,1.254554554803588
2025-04-03,1.3605163088352925,1.333930391067639
2025-04-04,1.4401601896011536,1.4083135466133592
2025-04-07,1.579588179083449,1.5316487001020107
2025-04-08,1.579588179083449,1.5316487001020107
2025-04-09,1.6222338104472542,1.5747554995079835
2025-04-11,1.5002715442989456,1.4656573275668003
2025-04-15,1.2449550283412578,1.2543109108243777
2025-04-16,1.2339328256182962,1.243214152615454
2025-04-17,1.2339328256182962,1.243214152615454
2025-04-21,1.2339328256182962,1.243214152615454
2025-04-22,1.2007640221297247,1.2089210243354256
2025-04-23,1.290333766798145,1.2995634951474138
2025-04-24,1.327501883961371,1.3381169521764342
2025-04-25,1.316215316895398,1.32657137123352
2025-04-28,1.3623991353081624,1.374033693216368
2025-04-29,1.3330806657841587,1.342311049947154
2025-04-30,1.2951004277040208,1.3013660820331612
2025-05-02,1.240431259306408,1.2501278438285108
2025-05-05,1.2124523753168392,1.2211185547231234
2025-05-06,1.1631331809305787,1.1747814424303646
2025-05-07,1.1688369243106425,1.180897251644959
2025-05-08,1.1684173073582644,1.1804709464846161
2025-05-09,1.1042271837831694,1.1175059626675752
2025-05-12,1.1830571503884886,1.1982093951576984
2025-05-13,1.1651624137772667,1.1812232487884191
2025-05-14,1.0189833632111305,1.0405520467981302
2025-05-15,1.0541506826456408,1.0772767808183787
2025-05-16,1.038510595687686,1.061217022989065
2025-05-19,1.1150413900004703,1.1426217756998844
2025-05-20,1.2123722167354987,1.2432780873246632
2025-05-21,1.1727933046556624,1.2019060057902986
2025-05-22,1.07682758403315,1.1053793768666695
2025-05-23,1.0957335710641796,1.1254999567207586
2025-05-26,1.1126057176059407,1.1426502494187425
2025-05-27,0.9947615019475495,1.0261086276422824
2025-05-28,1.024173245764433,1.0570688424252133
2025-05-29,1.1282727569249253,1.1718834125764825
2025-05-30,1.1282727569249253,1.1718834125764825
2025-06-02,1.1282727569249253,1.1718834125764825
2025-06-03,1.1282727569249253,1.1718834125764825
2025-06-04,1.1282727569249253,1.1718834125764825
2025-06-05,1.1282727569249253,1.1718834125764825
2025-06-06,1.2542868234413629,1.3149816472877784
2025-06-09,0.9595162774576462,1.0562763967503368
2025-06-10,1.3087614185115097,1.56475269045303
2025-06-11,1.0147285343182295,1.2282047249327208
2025-06-12,1.0712985971827953,1.2994224569386785
2025-06-13,0.9151768077142278,1.1306358490968633
2025-06-16,0.9042630821991546,1.1186356300746534
2025-06-17,0.875795781000406,1.0825787493163634
2025-06-18,0.9317726109549194,1.149366294230381
2025-06-19,0.9622544030258597,1.186332224291728
2025-06-20,1.0179708991579306,1.2524776204948693
2025-06-23,0.9602876615688312,1.1781266105737591
2025-06-24,1.013642763981478,1.2413092654319247
2025-06-25,1.013642763981478,1.2413092654319247
2025-06-26,1.013642763981478,1.2413092654319247
2025-06-27,1.013642763981478,1.2413092654319247
2025-06-30,1.013642763981478,1.2413092654319247
2025-07-01,1.013642763981478,1.2413092654319247
2025-07-02,1.013642763981478,1.2413092654319247
2025-07-03,1.013642763981478,1.2413092654319247
2025-07-04,1.013642763981478,1.2413092654319247
2025-07-07,1.013642763981478,1.2413092654319247
2025-07-08,1.013642763981478,1.2413092654319247
2025-07-09,1.013642763981478,1.2413092654319247
2025-07-10,1.013642763981478,1.2413092654319247
2025-07-11,1.013642763981478,1.2413092654319247
2025-07-14,1.013642763981478,1.2413092654319247
2025-07-15,1.013642763981478,1.2413092654319247
2025-07-16,1.036111112040989,1.269481336885556
2025-07-17,0.9795557586632822,1.2026791345818926
2025-07-18,1.045626060464529,1.2885821674706015
2025-07-21,0.959489980977396,1.188549571389075
2025-07-22,0.7981638233357427,1.0082378029956367
2025-07-23,0.8409706657335552,1.0641120105987958
2025-07-24,0.8013897547301262,1.0150970583056327
2025-07-25,0.8013897547301262,1.0150970583056327
2025-07-28,0.6353813711891416,0.7869543047867543
2025-07-29,0.6525459120481092,0.8080847832822939
2025-07-30,0.6142837975450146,0.7597345217945191
2025-07-31,0.734408613135064,0.8988368725122934
2025-08-01,0.8359662791592772,1.0157648566938953
2025-08-04,0.8246359383714303,1.0018468508644651
2025-08-05,0.8340055824056176,1.0132103848152545
2025-08-06,0.908848723069146,1.0999997346740507
2025-08-07,0.8591244650171259,1.0376667390688659
2025-08-08,0.6939552685202319,0.8213241496212955
2025-08-11,0.8133458342944107,0.9535914117254727
2025-08-12,0.8567224794150878,1.003344477739825
2025-08-13,0.9481259981877345,1.104550641357992
2025-08-14,0.9481259981877345,1.104550641357992
2025-08-18,0.9481259981877345,1.104550641357992
2025-08-19,0.9481259981877345,1.104550641357992
2025-08-20,0.9481259981877345,1.104550641357992
2025-08-21,0.9481259981877345,1.104550641357992
2025-08-22,0.9481259981877345,1.104550641357992
2025-08-25,0.9481259981877345,1.104550641357992
2025-08-26,0.9481259981877345,1.104550641357992
2025-08-28,0.9481259981877345,1.104550641357992
2025-08-29,0.9481259981877345,1.104550641357992
2025-09-01,0.9481259981877345,1.104550641357992
2025-09-02,0.9451941496376827,1.101032680380451
2025-09-03,1.1222008692053542,1.3332163251918498
2025-09-04,1.1299054846158008,1.3431404595070455
2025-09-05,1.285393921158015,1.545639163534897
2025-09-08,1.2224540999883866,1.4748790170123183
2025-09-09,1.226323573885317,1.479272067241373
2025-09-10,1.210128581339504,1.4594558404793543
2025-09-11,1.3297378344051227,1.6178876553568562
2025-09-12,1.2108503259690337,1.490059101267373
2025-09-15,1.1353305137283698,1.4013780882242894
2025-09-16,1.2353386486655011,1.5292418189621715
2025-09-17,1.0988305784975108,1.3788053306052455
2025-09-18,1.0988305784975108,1.3788053306052455
2025-09-19,1.0988305784975108,1.3788053306052455
2025-09-22,1.0988305784975108,1.3788053306052455
2025-09-23,1.0988305784975108,1.3788053306052455
2025-09-24,1.0988305784975108,1.3788053306052455
2025-09-25,1.0988305784975108,1.3788053306052455
2025-09-26,1.0988305784975108,1.3788053306052455
2025-09-29,1.0988305784975108,1.3788053306052455
2025-09-30,1.1749588099431652,1.4819430114291872
2025-10-01,1.1830771984789283,1.4923515985875613
2025-10-03,1.0543959925132897,1.332977024448493
2025-10-06,0.9593304348778426,1.1993021510190427
2025-10-07,1.072218695193027,1.3265893857320046
2025-10-08,1.3323702641253066,1.6937879090629957
2025-10-09,1.2020963097623296,1.5124894069530677
2025-10-10,1.158127724700038,1.4570497285103032
2025-10-13,1.1767175096644111,1.4790174605571116
2025-10-14,1.0685469026572223,1.34069831034575
2025-10-15,1.1636667323309782,1.4352430883255052
2025-10-16,0.9657725627127549,1.1511371259382503
2025-10-17,1.0008189802412035,1.1928214883783381
2025-10-20,0.9864376331789028,1.1760996023484174
2025-10-21,1.2064925766568881,1.446478118979797
2025-10-23,1.0662330646918468,1.2728407986659689
2025-10-24,1.1689567230197395,1.376219270704884
2025-10-27,1.0974196291134697,1.296752579139527
2025-10-28,1.1068967460870582,1.3081094666565396
2025-10-29,1.1887738743103982,1.412265793931013
2025-10-30,1.1150311154330752,1.3291528758165594
2025-10-31,1.2260188799874023,1.475571936952877
2025-11-03,1.278252419325098,1.5420831985645918
2025-11-04,1.2516823497295433,1.5099260428819736
2025-11-06,1.21911202750247,1.4688749910845347
2025-11-07,1.3011423822073112,1.5699232519612043
2025-11-10,1.3878749380899662,1.6775281011546084
2025-11-11,1.2805265718648626,1.5593587993429665
2025-11-12,1.1126877966421893,1.3808859598659893
2025-11-13,1.0123226622949055,1.26544560406973
2025-11-14,1.0246227362525169,1.2807691009399622
2025-11-17,1.0402094350481825,1.3001348295283768
2025-11-18,1.056189730575354,1.3199815230750538
2025-11-19,1.0724714601690073,1.3404446030857815
2025-11-20,1.0578329982401107,1.3222423816126008
2025-11-21,0.999893836565237,1.252657588972833
2025-11-24,1.0193215140856167,1.2775330974506611
2025-11-25,1.0019894374430314,1.2559703445157742
2025-11-26,0.9888556857934978,1.2395746986273792
2025-11-27,0.9919500800249267,1.243486910496439
2025-11-28,1.037302718102914,1.3028316505766435
2025-12-01,1.033549346505715,1.2981002659311742
2025-12-02,0.9745990734287768,1.2269843897700718
2025-12-03,0.9604230708037167,1.209225944672325
2025-12-04,0.9488663910307298,1.1947191746779753
2025-12-05,0.8423001803376624,1.0696018372195986
2025-12-08,0.8062168424138494,1.024665653267208
2025-12-09,0.8096158797619952,1.0290135045409607
2025-12-10,0.8394188134734359,1.0678311515878869
2025-12-11,0.7862225040199695,0.9968039699738939
2025-12-12,0.8920075548188164,1.128586999944791
2025-12-15,0.8677769827800808,1.097103713888137
2025-12-16,0.7768659284323145,0.9811382895050037
2025-12-17,0.8319755344537856,1.0484867716457476
2025-12-18,0.8808946394790023,1.1083171935881166
2025-12-19,0.9416022095537673,1.1816533491458345
2025-12-22,0.9710008452639215,1.2179296581697199
2025-12-23,0.9710008452639215,1.2179296581697199
2025-12-24,0.9710008452639215,1.2179296581697199
2025-12-26,0.9710008452639215,1.2179296581697199
2025-12-29,0.9710008452639215,1.2179296581697199
2025-12-30,0.9244024451562087,1.1571786348168105
2025-12-31,0.9701718756264139,1.2128042597677844
2026-01-01,0.9946227112517445,1.2429730615942312
2026-01-02,0.8784108607978613,1.085583011903253
2026-01-05,0.9007216696149325,1.112865516150697
2026-01-06,0.8704072898717012,1.074479619736242
2026-01-07,0.8244060767916085,1.0146193930891396
2026-01-08,0.9018214080315597,1.11463564865553
2026-01-09,0.8143928143595157,1.009531745175895
2026-01-12,0.7827275360400466,0.9712470385475117
2026-01-13,0.8853423795304965,1.0937699062611255
2026-01-14,0.9807394052497972,1.219240493726081
2026-01-15,0.918181833130043,1.1455963445988784
2026-01-16,0.9630131647700121,1.2002435413831847
2026-01-19,0.9891750949326276,1.2312140768458852
2026-01-20,1.0756849705467635,1.3455989264683508
2026-01-21,1.0655291655924548,1.3329124380092945
2026-01-22,0.9785519932033822,1.2307591004115044
2026-01-23,1.2491026513045753,1.6747828517665813
2026-01-27,1.119744566001543,1.5078446605970126
2026-01-28,1.0898707431642725,1.4699226882116452
2026-01-29,1.0085951727146811,1.3670143773774392
2026-01-30,0.9887694114739531,1.340006003775828
2026-02-02,1.0121242806522017,1.3717331700759172
2026-02-03,0.9662301292221338,1.3113235147425253
2026-02-04,0.9258224783560296,1.2542407761129044
2026-02-05,0.916668054654278,1.2416665682623693
2026-02-06,1.046242850573631,1.3970217505760576
2026-02-09,1.046242850573631,1.3970217505760576
2026-02-10,1.046242850573631,1.3970217505760576
2026-02-11,1.046242850573631,1.3970217505760576
2026-02-12,1.046242850573631,1.3970217505760576
2026-02-13,1.046242850573631,1.3970217505760576
2026-02-16,1.046242850573631,1.3970217505760576
2026-02-17,1.046242850573631,1.3970217505760576
2026-02-18,1.046242850573631,1.3970217505760576
2026-02-19,1.046242850573631,1.3970217505760576
2026-02-20,0.9398624845224621,1.2415403355721293
2026-02-23,0.9121609030866058,1.2039235304633922
2026-02-24,0.9266888125410315,1.2229859750785304
2026-02-25,0.9219916868106932,1.2167268755851155
2026-02-26,0.9947280805889714,1.3073119293922748
2026-02-27,1.0329369886413542,1.3591755813308812
2026-03-02,1.0492285643979724,1.3821883237913108
2026-03-04,1.0844019546773196,1.4181976092649633
2026-03-05,1.0086496738339732,1.315552137719078
2026-03-06,0.8873476926741842,1.168139075834494
2026-03-09,0.9180262684163919,1.2083172222577754
2026-03-10,0.911326798417233,1.1995707936370958
2026-03-11,0.894046140901318,1.1772135232627419
2026-03-12,0.8027745587241787,1.0549297663344364
2026-03-13,0.8694565151710629,1.1404795239112608
2026-03-16,0.8785680186782076,1.1528037156385353
2026-03-17,0.8711532555690391,1.143606081433
2026-03-18,0.9031964326822519,1.1848498577699156
2026-03-19,1.005943738425975,1.3086294220602375
2026-03-20,1.005943738425975,1.3086294220602375
2026-03-23,1.005943738425975,1.3086294220602375
2026-03-24,1.005943738425975,1.3086294220602375
2026-03-25,1.005943738425975,1.3086294220602375
2026-03-27,1.005943738425975,1.3086294220602375
2026-03-30,0.9805673426340957,1.2747036878022613
2026-04-01,1.0106396560110094,1.3178671250769487
2026-04-02,1.050546457489923,1.3643914597335582
2026-04-06,1.026229641304302,1.3343923814517749
2026-04-07,0.8982899277410191,1.1900452134404884
2026-04-08,0.9312289114661434,1.246364492657047
2026-04-09,0.9841718175939257,1.311448516516798
2026-04-10,1.057139410454259,1.407447968460006
2026-04-13,1.0164698167619806,1.3592579301296055
2026-04-15,0.8365263252281502,1.1136045420666896
2026-04-16,0.7689549829677578,1.0364989003663923
2026-04-17,0.8235166220226109,1.1073888828497178
2026-04-20,0.8223906176172439,1.1058660812795413
2026-04-21,0.8223906176172437,1.1058660812795413
2026-04-22,0.8223906176172437,1.1058660812795413
2026-04-23,0.8223906176172437,1.1058660812795413
2026-04-24,0.8223906176172437,1.1058660812795413
2026-04-27,0.8223906176172437,1.1058660812795413
2026-04-28,0.7706388912676017,1.0302720223332555
2026-04-29,0.8081390664139432,1.0759678779329245
2026-04-30,0.824576895279918,1.0976394449172477
2026-05-01,0.8383687577469059,1.1162136037154256
2026-05-04,0.8314513043168039,1.1071058439924881
2026-05-05,0.9058469235698501,1.2108566957403304
2026-05-06,0.9083709365455552,1.2146148835460817
2026-05-07,0.9488918386066734,1.2644327498033163
2026-05-08,0.9822709230603387,1.310438532872586
2026-05-11,0.9457830937057828,1.2629482839445514
2026-05-12,0.9686436132445118,1.2954027293532737
2026-05-13,0.8867017798713399,1.178066798732358
2026-05-14,0.8707712986364329,1.1564646943983494
2026-05-15,0.8247765007518688,1.0960997412672362
2026-05-18,0.8514504908118696,1.1284590353785
2026-05-19,0.9024590110035171,1.195952178253695
2026-05-20,0.9081777842603977,1.2035250401843847
2026-05-21,0.89648581871718,1.187602532227052
2026-05-22,0.8480174889985919,1.1214792261934299
2026-05-25,0.874767883870819,1.1538223207068456
2026-05-26,0.8682359297372977,1.1447182830314717
2026-05-27,0.752167416986437,0.9743751109097736
2026-05-28,0.7832719016870606,1.0149562168517272
2026-05-29,0.7445039797205575,0.9646723816980628
2026-06-01,0.7082424381460078,0.9154070774331194
2026-06-02,0.7233338208113863,0.9348014426091776
2026-06-03,0.7233205528738821,0.934784235939338
2026-06-04,0.7508940544652162,0.9699319061354627
2026-06-05,0.7666685207992315,0.9901802499809182
2026-06-08,0.7949765389106381,1.0262033741823837
2026-06-09,0.7621616273890545,0.9827925528399489
2026-06-10,0.9611215221389822,1.201602362392734
2026-06-11,0.9611215221389822,1.201602362392734
2026-06-12,0.9611215221389822,1.201602362392734
2026-06-15,0.9611215221389822,1.201602362392734
2026-06-16,1.0747680197693257,1.358510684943345
2026-06-17,1.0677204131190827,1.3495913902329304
2026-06-18,1.0475007897585729,1.3235955811759823
2026-06-19,0.971798156478723,1.2332653894232082
2026-06-22,1.0030541493147105,1.2740103885488594
2026-06-23,1.0021942805166084,1.2730096717088017
2026-06-24,0.9263156054914141,1.174998315245789
2026-06-25,0.8890891509010714,1.13005683493619
2026-06-26,0.9467723884901709,1.2070478666422035
2026-06-29,0.8934172860775239,1.141315497842876
2026-06-30,0.8934172860775239,1.141315497842876
