entry_date,exit_date,hold_days,direction,entry_z,exit_z,entry_ze,exit_zx,stop_zs,notional,leverage,beta,units,entry_lr,exit_lr,entry_cost_dol,exit_cost_dol,gross_pnl_dol,pnl,pnl_dol,exit_reason,z_fast,z_fast_slope,z_fast_accel,z_fast_accel_z,rsi_lr,rsi_slope,lr_mom,lr_mom_slope,lr_mom_slope_z,vol_z,vol_ratio,atr,autocorr,agreement,regime_score,pair
2019-02-18,2019-02-27,7,long,-2.688239162737585,0.25259379619129746,2.4,0.18,4.5,800000,4,0.5803690878106557,1,1.7216334434555323,1.748448712106816,1000.0,1000.0,21452.214921026956,0.09726107460513478,19452.214921026956,mean_revert,-2.0000808239442067,-1.4126938035994432,-0.3871772015242133,,43.645450578321864,-16.973121675834832,-0.04439803030140599,-0.03513948844036019,,,1.0,0.009290221685136688,0.0,-3.0,-1.0,DABUR/HINDUNILVR
2019-05-24,2019-06-14,14,short,2.722147102198728,-0.3268113986565373,2.4,0.18,4.5,800000,4,0.5642125449302843,-1,1.7723684257249628,1.7432860625370734,1000.0,1000.0,23265.890550311495,0.10632945275155747,21265.890550311495,mean_revert,1.9169114583522273,1.1210591193923922,0.17133162120333417,0.17547841196024333,70.697354591746,12.547099847999974,0.06695877745550227,0.042325652564683125,1.6817997430049845,2.0935657261855165,1.2054558364493362,0.012287723780518622,-0.13898335756459348,3.0,5.0,DABUR/HINDUNILVR
2019-09-20,2019-10-09,11,long,-2.400216623647936,0.41509063540151997,2.4,0.18,4.5,800000,4,0.5799576733441753,1,1.7053586859057985,1.7395573889452807,1000.0,1000.0,27358.96243158571,0.12679481215792857,25358.96243158571,mean_revert,-2.640980712409983,-2.78975252338605,-1.7492881177947166,-1.6652783801624835,32.23280591173207,-19.582732008598207,-0.07146846129265327,-0.07293092954007196,-2.8189935690426653,2.8249128632211686,1.2523655127229025,0.01496978874858127,-0.08465383731392094,-3.0,-1.0,DABUR/HINDUNILVR
2019-11-05,2019-11-13,5,short,2.6395715713115173,0.03214546331906585,2.4,0.18,4.5,800000,4,0.5725412495544872,-1,1.7757535293750324,1.7578180741249827,1000.0,1000.0,14348.364200039754,0.06174182100019877,12348.364200039754,mean_revert,2.263747870771622,1.8377663521921006,2.3623398789347987,1.40481331711663,60.41560703380929,14.01840778786228,0.03544545845290781,0.05530636199077055,1.3984882897784694,-1.515561817792466,0.6784441625087437,0.011691506406576246,0.0026067980871274767,3.0,5.0,DABUR/HINDUNILVR
2020-02-13,2020-03-02,11,long,-2.4194479507363766,0.5927387148380227,2.4,0.18,4.5,800000,4,0.5827331343135081,1,1.7387097243263756,1.7516526890913884,1000.0,1000.0,10354.371812010222,0.04177185906005111,8354.371812010222,mean_revert,-1.7978823275819398,-2.1276157788813315,-1.5576286862668534,-0.8276203024680858,40.96072672269237,-10.402743573957757,-0.030822059534088453,-0.05724109590587734,-2.1223692977805206,0.7977820506896611,1.170826936497828,0.011249117913034817,-0.3467099850008706,-3.0,-1.0,DABUR/HINDUNILVR
2020-03-12,2020-03-31,13,long,-2.8344559988770275,0.16782997931203522,2.4,0.18,4.5,800000,4,0.5799609385266822,1,1.709298805899243,1.7081717818999709,1000.0,1000.0,-901.6191994177802,-0.014508095997088901,-2901.6191994177802,mean_revert,-2.352985198930769,-1.9282424990052063,-0.17856317037105648,0.046745899875186195,32.812359927477814,-13.78992741761386,-0.08061098610237494,-0.0783859972612655,-2.307491557844517,2.2706007993281236,1.4552085472544176,0.013089816664506801,-0.2789601194316041,-3.0,-1.0,DABUR/HINDUNILVR
2020-07-27,2020-07-29,2,long,-2.43267926202636,1.5040494057992007,2.4,0.18,4.5,800000,4,0.5745307663221969,1,1.7185760839108561,1.742514090016347,1000.0,1000.0,19150.404884392636,0.08575202442196318,17150.404884392636,mean_revert,-1.9099267775126343,-0.9593435985617043,-0.7151761478225347,-0.6326940420584771,40.93733293478532,-7.394504114431392,-0.042209537478433035,-0.045563465247880686,-1.904709226730011,-1.163687963433797,0.7814089864853254,0.010078649612773497,-0.2136871841270465,-3.0,-1.0,DABUR/HINDUNILVR
2020-07-31,2020-08-12,8,short,2.9760011235695023,-0.10577977514139876,2.4,0.18,4.5,800000,4,0.5763871681855685,-1,1.7908034777760922,1.7590001556829309,1000.0,1000.0,25442.657674529022,0.11721328837264511,23442.657674529022,mean_revert,2.511974757608445,2.9372640525440628,3.2009843596819216,2.5012133300463595,66.26047023338293,19.454456225581367,0.07120343006868435,0.08318188485380773,3.056110449766107,1.3692348193962582,1.419726235384416,0.014948623298177874,-0.15120997678496148,3.0,5.0,DABUR/HINDUNILVR
2020-09-11,2020-09-23,8,short,2.471915462808268,-0.7738508325278355,2.4,0.18,4.5,800000,4,0.5813353678227434,-1,1.7689130291035418,1.749597320126414,1000.0,1000.0,15452.567181702292,0.06726283590851147,13452.567181702292,mean_revert,2.0253142041290317,1.4019193785676713,2.277641957959609,1.2349549013614365,60.425352972260086,13.106689736673488,0.03347622199677591,0.03202282106142551,0.9607446685849687,-0.987238774311746,0.8511310904250614,0.008783386496729198,-0.07559525299285925,3.0,5.0,DABUR/HINDUNILVR
2020-12-07,2020-12-15,6,long,-3.0789306827086915,1.1416193542637016,2.4,0.18,4.5,800000,4,0.5843451280029804,1,1.7144453714009902,1.7252525530036094,1000.0,1000.0,8645.74528209534,0.0332287264104767,6645.74528209534,mean_revert,-2.081783569686034,-1.1033335040576595,-1.368884932644821,-1.0994386358850516,37.78161278461141,-9.771589097249908,-0.016508949560775754,-0.018859333992728544,-0.9349884615001195,-2.7155707378390725,0.5414561698198442,0.007662373916904896,-0.31854682455655575,-3.0,-1.0,DABUR/HINDUNILVR
2020-12-29,2021-01-20,16,short,2.4022396466324545,-0.04508102295915324,2.4,0.18,4.5,800000,4,0.5800759444695172,-1,1.7612474988556739,1.7543233098928481,1000.0,1000.0,5539.351170260609,0.017696755851303047,3539.3511702606093,mean_revert,1.6838413727287709,1.4123514613164403,1.4952803886137482,1.1562933723937243,65.04369783954948,15.169321008967657,0.03289327530992736,0.035980956558512744,1.5657154259901749,0.9723879194062898,0.7505374965026378,0.00693655032478261,-0.2457950038776407,3.0,5.0,DABUR/HINDUNILVR
2021-07-30,2021-08-04,3,short,2.5525625525907114,-1.7993264318989284,2.4,0.18,4.5,800000,4,0.5949723380816883,-1,1.7863108809722166,1.769981244273868,1000.0,1000.0,13063.709358678821,0.05531854679339411,11063.709358678821,mean_revert,1.9296718660068446,0.9745473797793851,1.2406111614291253,1.0247282171933907,60.426044139907155,8.019581328484982,0.015108950907806395,0.010691832700993054,0.4732144483168046,-2.2609142815762255,0.6588482197826832,0.0089699999324227,0.03843647343553166,3.0,5.0,DABUR/HINDUNILVR
2021-11-03,2021-11-24,13,short,2.7407315709250657,-0.2838508011475367,2.4,0.18,4.5,800000,4,0.5943830838188136,-1,1.7809954445617773,1.7655939425559959,1000.0,1000.0,12321.20160462511,0.05160600802312555,10321.20160462511,mean_revert,1.7362125165212727,1.425389909203053,0.8114307102971097,0.7096754163676466,62.23392765435185,10.146527418123185,0.01824191600444003,0.016396412501324065,0.9876675935035324,0.2855629109902521,1.0174001060453413,0.009753271276738543,-0.2688088098040884,3.0,5.0,DABUR/HINDUNILVR
2021-12-01,2021-12-13,8,long,-3.440805531814739,-0.07789644568211089,2.4,0.18,4.5,800000,4,0.5976599954799662,1,1.7355714809551934,1.7525624767463037,1000.0,1000.0,13592.796632888238,0.05796398316444119,11592.796632888238,mean_revert,-2.818428310214679,-2.469371921247837,-2.159702122301528,-1.8006633025152825,33.09989230640632,-17.972634271391478,-0.038581405746157316,-0.035482828188119875,-2.17675043878344,0.41575579319630146,1.099765478486702,0.009784199446663661,-0.28176860280504007,-3.0,-1.0,DABUR/HINDUNILVR
2022-02-28,2022-03-07,4,short,2.5567603779309254,-0.9517818937305093,2.4,0.18,4.5,800000,4,0.5915703218402228,-1,1.789872620530404,1.764145503866571,1000.0,1000.0,20581.693331066475,0.09290846665533238,18581.693331066475,mean_revert,2.125607311005011,2.7951113430920618,2.004728912873608,1.3614557031755978,64.37758758310177,19.393549908948017,0.04761815897617794,0.06595982940422918,2.092889514548864,0.28645623650875385,1.1261991111220349,0.012160981185363429,0.06420133512334997,3.0,5.0,DABUR/HINDUNILVR
2022-07-21,2022-08-02,8,short,2.6551450704371393,0.12010674833642788,2.4,0.18,4.5,800000,4,0.5802113739232376,-1,1.7853437508817813,1.7710518886843143,1000.0,1000.0,11433.489757973624,0.04716744878986812,9433.489757973624,mean_revert,2.1591141676968473,0.8941184408509273,0.9788811355740547,1.4197441500269246,62.078059370027965,12.12660038603235,0.016815659992354348,0.026446228954760898,1.348035138031438,-0.621348292955738,0.35936861346300325,0.00898757559009311,-0.17668923876696807,3.0,5.0,DABUR/HINDUNILVR
2022-09-16,2022-09-22,4,long,-2.645840489508924,-0.10174589486265269,2.4,0.18,4.5,800000,4,0.5842629336107114,1,1.7312415908120649,1.7520953432598438,1000.0,1000.0,16683.001958223187,0.07341500979111594,14683.001958223187,mean_revert,-1.8258189363346522,-1.6110824575720153,-1.6059379033923016,-1.2354687751792437,32.77967396252511,-13.019350590940554,-0.03051943171951521,-0.028396577856600658,-1.3863168395717815,1.8073467643216155,0.7655062578984733,0.006338941477866784,-0.07798051380163033,-3.0,-1.0,DABUR/HINDUNILVR
2022-10-27,2022-11-18,15,short,2.6372537292822096,-0.41948907524297513,2.4,0.18,4.5,800000,4,0.5774211276447857,-1,1.7843884267912091,1.7677646789419263,1000.0,1000.0,13298.998279426221,0.05649499139713111,11298.998279426221,mean_revert,1.9863618797159046,1.7213104242888382,1.5837579216360431,0.8779410391651377,68.05816913133351,16.61227534292327,0.054345910332644465,0.04884264726793219,1.8887195603127946,3.9005833757264123,1.0238522030143267,0.010096824431585674,0.07159255740205815,3.0,5.0,DABUR/HINDUNILVR
2023-01-20,2023-02-02,8,short,2.6809697116356968,-0.469120384228845,2.4,0.18,4.5,800000,4,0.5811213544321783,-1,1.7798162271887756,1.7515118891313013,1000.0,1000.0,22643.470445979474,0.10321735222989736,20643.470445979474,mean_revert,2.4531792336522247,1.8016987345321844,1.2288498756866484,1.232877970299854,63.86277914493232,15.859662240195817,0.06021547710073083,0.04812888729132059,2.043016533333213,1.1664676780001135,0.979217677957635,0.011828502176897886,-0.2518818627044742,3.0,5.0,DABUR/HINDUNILVR
2023-04-06,2023-04-20,8,long,-3.3413195269799405,0.5468677875241805,2.4,0.18,4.5,800000,4,0.5789626595899019,1,1.7330331954493223,1.7482562449441026,1000.0,1000.0,12178.43959582421,0.05089219797912105,10178.43959582421,mean_revert,-2.8334301605935774,-1.8422926888695579,-1.6968754832057875,-1.6161568921486575,36.95574357194493,-13.202098107824362,-0.02951869531849738,-0.022585087601228793,-1.3744211049406656,-0.4115147634478814,0.8499602784859595,0.011015840007215066,-0.17933110018785484,-3.0,-1.0,DABUR/HINDUNILVR
2023-07-07,2023-07-11,2,long,-2.875759460355997,-0.17003772342708875,2.4,0.18,4.5,800000,4,0.5816030080031046,1,1.7563296018347196,1.7701455782242907,1000.0,1000.0,11052.781111656885,0.045263905558284426,9052.781111656885,mean_revert,-2.581494361522835,-0.8357061577958586,-0.5931785754531673,-0.6351952532720345,40.735809311120455,-9.825115213260766,-0.014908805476634868,-0.011748285977299489,-0.6450469669779108,-1.2463539583945535,0.40254222145895585,0.007329175571043415,-0.011727943636232644,-3.0,-1.0,DABUR/HINDUNILVR
2023-08-03,2023-08-04,1,long,-2.4010265544936056,0.21263345035454523,2.4,0.18,4.5,800000,4,0.5838717440124384,1,1.7424087773495691,1.7646448640670582,1000.0,1000.0,17788.86937399129,0.07894434686995644,15788.869373991289,mean_revert,-2.0260415201214337,-1.7769823230644302,-1.3368933446849942,-1.3305365332816874,36.96126411840827,-17.075478293696897,-0.032269507076818194,-0.04416169978356965,-2.2898949444187853,0.49208373706466685,0.8706834003130927,0.007481112726121174,-0.04196875436999013,-3.0,-1.0,DABUR/HINDUNILVR
2024-04-04,2024-04-16,7,long,-2.836136595385652,-0.1250280927146665,2.4,0.18,4.5,800000,4,0.5824084440345176,1,1.736164560695714,1.754565384118165,1000.0,1000.0,14720.658737960868,0.06360329368980434,12720.658737960868,mean_revert,-2.960350106130539,-3.223750937426241,-3.17616677507816,-2.280270646707054,34.259155570168645,-20.254584962324756,-0.03798799764272065,-0.032707605073439616,-1.714498752775134,0.39710051168971017,1.1995797437217033,0.009590323957160533,-0.02704125046900237,-3.0,-1.0,DABUR/HINDUNILVR
2024-07-19,2024-07-23,2,long,-2.692084953759145,0.6080910933344028,2.4,0.18,4.5,800000,4,0.595380914146613,1,1.7456831508629853,1.7586936965304614,1000.0,1000.0,10408.436533980846,0.042042182669904234,8408.436533980846,mean_revert,-1.998865736763211,-0.8904882227576872,-0.6270584685126763,-0.4645990151691591,39.722590735529344,-8.672555625258838,-0.018702750380246158,-0.016884288547114323,-0.5854475699808648,-2.1025198014146134,0.5612479617853993,0.006470841113763074,-0.005092876847899244,-3.0,-1.0,DABUR/HINDUNILVR
2024-09-25,2024-10-15,13,long,-3.7080268752572736,-0.07628046752690566,2.4,0.18,4.5,800000,4,0.5932929712344346,1,1.72210685592188,1.7210664615636662,1000.0,1000.0,-832.3154865710336,-0.014161577432855168,-2832.3154865710335,mean_revert,-2.746329172080108,-2.3017398352329677,-1.7120283279096653,-1.2420542206119645,33.07475541684458,-14.144543069744529,-0.046817125490987266,-0.04482419756002454,-1.7788643777700786,0.38066206380696965,1.2785550957949348,0.012444363777361257,-0.20141019042699068,-3.0,-1.0,DABUR/HINDUNILVR
2024-11-12,2024-11-22,6,long,-2.464658956836809,-0.1486910910137083,2.4,0.18,4.5,800000,4,0.5798759829607789,1,1.7092127823708054,1.7300248027577683,1000.0,1000.0,16649.61630957027,0.07324808154785134,14649.616309570269,mean_revert,-2.2060498499422705,-0.8915239263702798,-1.1288856068810331,-0.8438440183988156,40.7465681785757,-11.49039108218166,-0.024026510554982394,-0.024504431756833256,-0.8920492901302883,-1.2471236452165164,0.4335100354124172,0.008507198132326255,-0.18450434261602222,-3.0,-1.0,DABUR/HINDUNILVR
2025-08-06,2025-08-20,9,long,-3.0598303471762875,0.33159248213201314,2.4,0.18,4.5,800000,4,0.5774596061157329,1,1.7286615498439035,1.7397086495387637,1000.0,1000.0,8837.679755888139,0.034188398779440694,6837.679755888139,mean_revert,-2.057425304294629,-1.8350063523941702,-1.9902878876600376,-1.791510966830362,32.85262420911732,-15.891259997162202,-0.03826916389597912,-0.0412852924942122,-2.0935607331014,-0.06227033657879532,0.9285166073924471,0.007519906755985925,0.026356420522624564,-3.0,-1.0,DABUR/HINDUNILVR
2025-09-02,2025-09-16,10,short,2.7037150752767696,0.17343471587536174,2.4,0.18,4.5,800000,4,0.5742738236738522,-1,1.7686683012755626,1.7487216166734432,1000.0,1000.0,15957.347681695566,0.06978673840847784,13957.347681695566,mean_revert,2.4774894595086563,2.3819455981989264,2.4337974097492907,1.7622519754741095,63.681278388231625,20.559690734793193,0.04096453316636417,0.06495575576479684,2.6203919998389265,0.29745011496437107,0.9579629639782603,0.011176658356374417,-0.0749394600780161,3.0,5.0,DABUR/HINDUNILVR
2025-11-04,2025-11-19,10,short,2.4637685055631753,-0.6046452315088741,2.4,0.18,4.5,800000,4,0.5731717623627322,-1,1.7799717489250053,1.7601111905585214,1000.0,1000.0,15888.446693187141,0.0694422334659357,13888.446693187141,mean_revert,1.4742869935474066,1.261286064007566,1.7828379415648583,2.10828414679588,63.840560887009794,7.440723117217615,0.030193347799376546,0.029413911117496916,1.5005303754129367,0.08347048265528226,0.6773921671978614,0.01404399936130103,-0.09255569230185175,3.0,5.0,DABUR/HINDUNILVR
2026-01-02,2026-01-14,8,short,3.2424117217134096,-0.1568609293092215,2.4,0.18,4.5,800000,4,0.5779007713847399,-1,1.7701604470948884,1.7509745524245373,1000.0,1000.0,15348.715736280916,0.06674357868140458,13348.715736280916,mean_revert,2.6814978516654002,1.237234765275457,0.582298010791432,0.5883307575095357,66.19653459246653,13.42407646234301,0.046928123452804726,0.03858072378832489,1.5564739109943588,-0.9548246081367259,0.785398459842357,0.0093016820652973,-0.056697028541435865,3.0,5.0,DABUR/HINDUNILVR
2026-05-06,2026-05-13,5,short,3.517225124486656,0.1538040131317638,2.4,0.18,4.5,800000,4,0.5672094292751371,-1,1.7442483494036995,1.7385319767329164,1000.0,1000.0,4573.098136626541,0.012865490683132707,2573.0981366265414,mean_revert,2.204934096449002,1.036543440183075,1.4008908857261873,1.0116195558876429,63.68467839825197,12.610838669123659,0.01878997034273322,0.02064312490343756,0.8081504497409592,-2.3188332801073597,0.46461854483382764,0.009109428101060814,-0.1231968533901794,3.0,5.0,DABUR/HINDUNILVR
2019-05-28,2019-06-25,19,short,3.7763036734073085,-0.490993733816619,2.4,0.18,4.5,800000,4,1.6006725506503987,-1,-4.534540838325137,-4.560432431120856,1000.0,1000.0,20713.274236575075,0.09356637118287538,18713.274236575075,mean_revert,1.516018239866332,1.0439596307194292,1.3743628895378168,1.6958280569484085,65.71364839928962,10.187088418609335,0.0580437160968712,0.057823365908562074,0.975783807073707,0.12330074705966076,0.406315734263489,0.024598191532051873,-0.3838756374405099,3.0,5.0,NHPC/NTPC
2019-10-31,2019-11-08,6,long,-2.4659782800994683,0.3032308864093179,2.4,0.18,4.5,800000,4,1.6157062545761074,1,-4.501173121010999,-4.4575120644808015,1000.0,1000.0,34928.84522415807,0.16464422612079033,32928.84522415807,mean_revert,-1.7248266008889601,-1.5982248383273185,-2.5565457776013427,-1.8012107718674595,40.27197950933452,-12.555827647491611,-0.02892138826570978,-0.05395297088970885,-0.8990899452160477,-1.1641165578586021,0.6647547179944207,0.019147028429084906,-0.07516115174802954,-3.0,-1.0,NHPC/NTPC
2019-12-10,2019-12-13,3,short,3.082771095053649,-0.01886019615209762,2.4,0.18,4.5,800000,4,1.625548716848654,-1,-4.3812212189050985,-4.43897632971139,1000.0,1000.0,46204.08864503318,0.2210204432251659,44204.08864503318,mean_revert,1.5371673900825507,0.9706907864899397,1.1462202479414083,0.920669924878604,68.78529429210641,9.223279586280576,0.04801767292332482,0.03475320180791375,0.7782945212712362,1.6647760504406286,0.7361024901491763,0.012695426875192043,-0.07348859892839515,3.0,5.0,NHPC/NTPC
2020-03-12,2020-04-20,23,short,2.7725394863424144,-0.021536982424769657,2.4,0.18,4.5,800000,4,1.6390397091517808,-1,-4.3196856002127815,-4.268650355998497,1000.0,1000.0,-40828.19537142725,-0.21414097685713626,-42828.19537142725,mean_revert,1.894122602710542,0.8918744103944047,1.081643858279667,0.7157355004755681,65.73038171999107,7.66067841100508,0.10819218385906826,0.043374917123928824,0.4346458875528112,-0.6515771819667885,0.6556200987486562,0.03222732086327448,-0.04601143013914125,3.0,5.0,NHPC/NTPC
2020-08-17,2020-09-04,14,long,-2.6374363987767193,0.032977772318777444,2.4,0.18,4.5,800000,4,1.639918024621898,1,-4.326558054499966,-4.229849100636065,1000.0,1000.0,77367.16309112096,0.37683581545560485,75367.16309112096,mean_revert,-2.6663873783293406,-1.3660021121470025,-0.7060584563217166,-1.0597018198701678,27.871345922982243,-18.244515660364122,-0.15953699265213395,-0.11062974324786268,-1.593759503344384,1.0667370965647864,0.8593654767540139,0.030054422496767215,0.060414447779497706,-3.0,-1.0,NHPC/NTPC
2022-05-13,2022-06-02,14,short,3.1088118908612046,0.17353294581496953,2.4,0.18,4.5,800000,4,1.4944207189793182,-1,-3.9472508702622013,-4.005612161837221,1000.0,1000.0,46689.033260015836,0.22344516630007918,44689.033260015836,mean_revert,1.962769399687003,1.6949943028468164,1.2976564872594756,1.0111681868503548,65.79959562710201,13.156430366179102,0.0724854563535553,0.08437167389768874,1.4351558483873466,0.02192546407682709,0.8734010546464147,0.02399122792201657,-0.23243770154446736,3.0,5.0,NHPC/NTPC
2022-06-17,2022-07-19,22,short,2.483888635888807,-0.46883733545600803,2.4,0.18,4.5,800000,4,1.4950161093149992,-1,-3.922162451338939,-3.9293442280399846,1000.0,1000.0,5745.421360836644,0.018727106804183224,3745.4213608366445,mean_revert,1.251311991052051,0.7197740494580093,0.7399326866506208,0.6677332932728828,59.82001524786572,9.961823215562703,0.060659547693906024,0.06555781097338409,1.267599229173689,-1.1074060035746272,0.3778012803823187,0.01692846175479107,-0.17881715443592627,3.0,5.0,NHPC/NTPC
2022-08-10,2022-08-30,13,long,-2.533888209907522,0.6658468955413025,2.4,0.18,4.5,800000,4,1.5009664483393412,1,-3.9959556365555633,-3.949677295709095,1000.0,1000.0,37022.67267717474,0.17511336338587372,35022.67267717474,mean_revert,-1.404565196397938,-1.5586924454714812,-2.77682219122325,-2.431751528533148,38.826119699809695,-15.016752006998615,-0.01769691861640199,-0.03424181942473625,-0.5792210258436655,-1.0939323477138925,0.6099160411683635,0.01806068768778681,-0.042540908688888705,-3.0,-1.0,NHPC/NTPC
2022-10-18,2022-11-01,9,short,3.691752248399409,-1.205027044310848,2.4,0.18,4.5,800000,4,1.4946273525433236,-1,-3.8935558018594323,-3.929994858561067,1000.0,1000.0,29151.245361307687,0.13575622680653843,27151.245361307687,mean_revert,2.2694002658813988,1.795363118335044,2.12624367091068,1.6068047759239583,62.64577223426761,12.145239790298525,0.04215770480274639,0.06329158099301413,1.008337777329427,-1.7897591321806812,0.712120082040223,0.02465744306208555,-0.12453448257394795,3.0,5.0,NHPC/NTPC
2023-01-09,2023-01-17,6,long,-2.9767404363303718,1.1644492993646622,2.4,0.18,4.5,800000,4,1.5009654126870198,1,-3.9783472815838032,-3.941436307902151,1000.0,1000.0,29528.77894532193,0.13764389472660965,27528.77894532193,mean_revert,-1.2978128020445217,-0.6471426706688655,-0.6374432571549286,-0.6790840928115321,41.43166389930838,-8.443658724268943,-0.03147119583355806,-0.029444489082537384,-0.4505309660629347,-1.1527239860858425,0.3906108697808388,0.014820704963328752,0.052943325588316235,-3.0,-1.0,NHPC/NTPC
2023-04-13,2023-05-11,18,short,3.436230832206081,-0.04433962551064058,2.4,0.18,4.5,800000,4,1.489994622625029,-1,-3.901280959069112,-3.9300631951383256,1000.0,1000.0,23025.788855370876,0.10512894427685437,21025.788855370876,mean_revert,2.4289392751296845,1.9987415442640464,1.966236647614355,1.8588342447200081,64.30544208739607,16.282310917027097,0.08730267505347156,0.14894771568432974,3.0974798403952186,-0.01881482204115807,0.7761249628377095,0.025396845112363235,-0.11448571569908406,3.0,5.0,NHPC/NTPC
2023-06-08,2023-07-12,23,long,-2.8191784095100356,0.5397224082206855,2.4,0.18,4.5,800000,4,1.5005619376614803,1,-3.950140251169278,-3.944362751319617,1000.0,1000.0,4621.9998797287335,0.013109999398643667,2621.9998797287335,mean_revert,-1.637684453464791,-0.8900378157673101,-0.9678267521415805,-0.8910266505316551,41.47729027533701,-10.352929668530493,-0.033411656323957484,-0.07316114569146581,-1.2222892569500021,-1.4375672484509638,0.359266148368481,0.014544220156917007,-0.18879946323093455,-3.0,-1.0,NHPC/NTPC
2023-08-01,2023-08-11,8,long,-2.634116742273811,-0.06308365862702227,2.4,0.18,4.5,800000,4,1.486199961711391,1,-4.043481335116763,-3.977541185058921,1000.0,1000.0,52752.120046273274,0.2537606002313664,50752.120046273274,mean_revert,-1.8486607271090718,-1.603122291950487,-0.15498962568331826,-0.036971182756293075,33.634237086512144,-13.022096954058405,-0.10800816922968792,-0.06339518097351915,-1.2406284210293326,3.163555795538803,1.407842196912492,0.023502641457037784,-0.24267091531576052,-3.0,-1.0,NHPC/NTPC
2023-09-14,2023-09-26,7,short,2.4246345751369365,0.02081533864512604,2.4,0.18,4.5,800000,4,1.456061913394902,-1,-3.9103350941311033,-3.970472531938035,1000.0,1000.0,48109.95024554536,0.2305497512277268,46109.95024554536,mean_revert,2.1278366437319702,1.6738655949927679,2.464402847085083,1.4984922289248084,60.620120100036814,10.167615971332033,0.03806016909262633,-0.0068618859370341845,-0.10350213402921338,-0.6228490294191716,1.0088282610406485,0.02837455228987838,-0.06745585602496937,3.0,5.0,NHPC/NTPC
2024-01-17,2024-02-12,16,short,2.4056949254570745,-0.40930646696997713,2.4,0.18,4.5,800000,4,1.413178456424468,-1,-3.7954457723741752,-3.8300277317724793,1000.0,1000.0,27665.567518643285,0.12832783759321642,25665.567518643285,mean_revert,1.0360344198669238,0.9432879236147723,0.7954100087232516,0.3691615212312496,66.20697956373391,9.028865313055213,0.0677559094747453,0.09244691714962983,1.4571660139400195,2.4962033391622773,0.7401785272949181,0.018651683857684134,-0.15640187729442803,3.0,5.0,NHPC/NTPC
2024-04-08,2024-04-26,12,long,-3.424786438620308,0.05330278209467369,2.4,0.18,4.5,800000,4,1.43764091114824,1,-3.897974118023914,-3.8781076032859914,1000.0,1000.0,15893.211790337959,0.0694660589516898,13893.211790337959,mean_revert,-1.6549371007049365,-0.48745381116569503,-0.22824692629199655,-0.33985685698012136,36.61685515192892,-8.996616995851817,-0.06031492954627371,-0.048700604023789396,-0.5846203077859922,-1.1639887020355348,0.3265902307350016,0.0183717216161864,-0.07983423014869916,-3.0,-1.0,NHPC/NTPC
2024-05-31,2024-06-10,6,short,3.577880809997732,-0.014144418019955453,2.4,0.18,4.5,800000,4,1.4386075308724526,-1,-3.7982037642924946,-3.850421820815141,1000.0,1000.0,41774.44521811715,0.19887222609058575,39774.44521811715,mean_revert,2.342254212473432,1.7575760754660628,2.22297113929667,2.089289403914473,64.11852805848376,14.241958227013313,0.09821394580947551,0.10663352428318351,2.0663434749382,-1.1153773832569236,0.7224987123127188,0.021590292676275585,-0.1578380291194789,3.0,5.0,NHPC/NTPC
2025-05-14,2025-06-16,23,short,3.669205025736454,0.1364102380273821,2.4,0.18,4.5,800000,4,1.4049870055489322,-1,-3.7452608522620694,-3.752226399055482,1000.0,1000.0,5572.437434729949,0.017862187173649745,3572.437434729949,mean_revert,2.1333887857850233,1.9595914041229234,2.4490985756373505,2.052123328843185,63.77067362057547,15.837044185395442,0.040078824012820036,0.07027149099141106,1.342229388910143,-0.571129140371985,0.6861952873819516,0.01852610942383901,-0.08437747797435888,3.0,5.0,NHPC/NTPC
2025-08-08,2025-09-09,20,long,-3.949631775397172,0.46879477024776584,2.4,0.18,4.5,800000,4,1.415722777398358,1,-3.7953616379958004,-3.794492145131007,1000.0,1000.0,695.594291834567,-0.006522028540827165,-1304.405708165433,mean_revert,-2.359929000680171,-1.4283477895872603,-2.1103427124995666,-2.1335295294967285,37.832752547827546,-17.119507571319694,-0.0335323559786751,-0.05280392807378931,-1.783429591022923,-0.7175498981971695,0.45752463296184237,0.011536382862084067,-0.013460344851587163,-3.0,-1.0,NHPC/NTPC
2026-02-20,2026-03-13,14,long,-4.234832087252467,0.718518590637059,2.4,0.18,4.5,800000,4,1.3844887390503786,1,-3.8624316194172157,-3.8523354052382914,1000.0,1000.0,8076.971343139405,0.030384856715697024,6076.971343139405,mean_revert,-1.5365152301248206,-0.8329666840995908,-1.3377222048799866,-0.6958635367701691,39.03055625026064,-8.231589214778197,-0.023381487616425112,-0.04222012783615359,-1.0531507864637961,-0.9939763447012697,0.3280637503352492,0.011288334150495249,-0.22901126801201843,-3.0,-1.0,NHPC/NTPC
2026-04-28,2026-05-08,8,short,2.707679007102752,0.1011805653502388,2.4,0.18,4.5,800000,4,1.3661140028452672,-1,-3.76740758395987,-3.797006628950583,1000.0,1000.0,23679.235992570113,0.10839617996285056,21679.235992570113,mean_revert,0.968081393660319,0.8221500242057707,1.259700115600516,1.2681334454400324,57.38258704917152,10.172404495946274,0.005677715999018673,0.040149500798592364,0.9187767164232783,-0.45092336108870656,0.4085113795464012,0.014666610146674816,-0.12342801317644952,2.0,4.0,NHPC/NTPC
2026-06-24,2026-06-30,4,short,3.3652140508130675,2.848054803228638,2.4,0.18,4.5,800000,4,1.368442231852522,-1,-3.6946762316016653,-3.664095228338317,1000.0,1000.0,-24464.80261067876,-0.13232401305339378,-26464.80261067876,end_of_data,1.6217223136218781,1.8225998034528241,2.597436381673318,2.6888390947660956,64.20832213246591,14.220848437043045,0.04764165750613358,0.07486075832707151,2.0604723749991796,1.0078894151336821,0.6525914166748134,0.018482292599775917,-0.1589902310875467,3.0,5.0,NHPC/NTPC
2022-09-16,2022-09-28,8,short,2.9873103252027464,-0.03258641117672013,2.4,0.18,4.5,800000,4,0.7353165126443418,-1,0.8878130826120052,0.8390316104834051,1000.0,1000.0,39025.17770288006,0.1851258885144003,37025.17770288006,mean_revert,2.904468140788441,2.1789884284850083,1.6214547409784206,1.2529999268782535,69.7460988243446,21.380528978476207,0.12457287863459587,0.11461430026178832,1.89684054854714,-0.19042055218716164,1.1330334045444925,0.021117213895265753,0.020689520149569086,3.0,5.0,BDL/HAL
2022-10-21,2022-10-31,5,short,3.2363874527628953,0.04530654870697705,2.4,0.18,4.5,800000,4,0.7430261298526134,-1,0.8941957385849525,0.8579240280347881,1000.0,1000.0,29017.36844013154,0.1350868422006577,27017.36844013154,mean_revert,2.216812569176267,1.5906216939792237,1.4261387186791814,1.1740865627117734,62.44922375371394,17.58395629099664,0.07892008887523083,0.11257553522266406,1.695361614846635,-0.9720441418561407,0.5861082097469887,0.019090215091410137,-0.03709427779689528,3.0,5.0,BDL/HAL
2022-11-15,2022-12-08,17,long,-2.470692219061651,0.41860016100719183,2.4,0.18,4.5,800000,4,0.7481278894364715,1,0.8014273035314317,0.8383152401764352,1000.0,1000.0,29510.34931600285,0.13755174658001423,27510.34931600285,mean_revert,-1.9221212762089679,-1.8382705276683047,-2.5378712577499787,-1.8996146857066893,36.28560787991439,-22.190835587577546,-0.06583911873670178,-0.10692894236191819,-1.401277868995036,-0.4433946980233971,0.6039624959977468,0.019227742098983234,0.04133643999448995,-3.0,-1.0,BDL/HAL
2022-12-22,2022-12-26,2,long,-3.0866653963435566,1.3800364646850058,2.4,0.18,4.5,800000,4,0.7378484144223965,1,0.7864012906605818,0.8239676409244984,1000.0,1000.0,30053.08021113322,0.1402654010556661,28053.08021113322,mean_revert,-2.2648029242100267,-1.24504316666286,-0.7299285567118244,-0.5149101228621519,35.055780994253084,-14.863397518790144,-0.07997355662581018,-0.09660008841986123,-1.635080477973109,-0.973376015031104,0.691248913021654,0.014511794053679116,0.08841297063397961,-3.0,-1.0,BDL/HAL
2023-05-25,2023-05-26,1,long,-2.4051619195020297,0.14598086363414117,2.4,0.18,4.5,800000,4,0.7392764953852754,1,0.8216169633504466,0.8572309981693176,1000.0,1000.0,28491.227855096746,0.13245613927548372,26491.227855096746,mean_revert,-2.196995072631078,-1.6016315057673154,-1.3960367317580773,-1.3993064244122644,40.08245775113394,-13.916943385879229,-0.04938260186329302,-0.07660261947534774,-2.33271623237234,-0.43545346309056693,0.6907104671781215,0.015102511758568457,0.0026859655813879463,-3.0,-1.0,BDL/HAL
2023-06-09,2023-06-20,7,long,-2.5746995811801345,0.21479874656868417,2.4,0.18,4.5,800000,4,0.7401412912623989,1,0.7952839415068386,0.84137443459552,1000.0,1000.0,36872.394470945124,0.17436197235472561,34872.394470945124,mean_revert,-2.185850824115385,-2.5990462357163002,-1.7483235713621834,-1.581373625563053,36.09700465759419,-18.11577680785951,-0.09033580608896763,-0.1287944994703798,-3.261374030096855,2.3284478018502544,1.3236260863365046,0.020185376520939446,-0.12435667530590525,-3.0,-1.0,BDL/HAL
2023-09-12,2023-09-29,12,long,-2.946950742928046,0.12073671603775564,2.4,0.18,4.5,800000,4,0.7249847200066007,1,0.8061539245289373,0.8226561412448447,1000.0,1000.0,13201.773372725878,0.056008866863629395,11201.773372725878,mean_revert,-2.5835038169222537,-2.2911151302759527,-1.7771529929543686,-1.563733670431619,37.244509820190586,-18.97694189202739,-0.07159001386579078,-0.0966954979596375,-2.0092358122603233,-0.8230798429602074,0.8208588381488875,0.01715117674001466,-0.01074361993651069,-3.0,-1.0,BDL/HAL
2023-11-01,2023-11-29,18,short,2.4014757042653927,-0.9267643293954151,2.4,0.18,4.5,800000,4,0.7105420823025393,-1,0.8721746991208736,0.8506974657788581,1000.0,1000.0,17181.786673612452,0.07590893336806226,15181.786673612452,mean_revert,1.2957680039751995,0.8769478487398769,1.075603016004068,0.8323932146731993,62.16866416996883,8.604254009865905,0.04945671646209515,0.045825308719685154,1.1147222597207613,-0.49672622164878905,0.6000365369844718,0.011261351427309978,-0.03310229235151545,3.0,5.0,BDL/HAL
2023-12-18,2024-01-03,11,short,3.432408799873237,-0.252607489814425,2.4,0.18,4.5,800000,4,0.7162052932544438,-1,0.9303057619414224,0.9017919599453318,1000.0,1000.0,22811.04159687253,0.10405520798436264,20811.04159687253,mean_revert,2.476002417994437,1.5003021631456237,1.1482313869423084,1.119453819736199,73.68749867917589,13.080579350764033,0.08414527330243082,0.03716618037726427,1.048611408748987,4.050857152365748,1.0168979822538757,0.016994153150285015,-0.01986394403960934,3.0,5.0,BDL/HAL
2024-02-12,2024-02-26,10,long,-3.705238957026076,1.0386145534991782,2.4,0.18,4.5,800000,4,0.7423950870019995,1,0.8311225205147827,0.8538338907227382,1000.0,1000.0,18169.09616636435,0.08084548083182175,16169.09616636435,mean_revert,-2.37593329810207,-1.4672137403016556,-1.1261045808842587,-1.212438315299688,36.28283211956341,-12.284778089650018,-0.07998799511931765,-0.10622575737902196,-2.1916126281114146,-1.031161086994487,0.7153367191118676,0.025219524721824857,0.08304745780788658,-3.0,-1.0,BDL/HAL
2024-05-17,2024-06-05,12,short,3.046067355645713,-0.2499871694934701,2.4,0.18,4.5,800000,4,0.7301508092515612,-1,0.8982923847094508,0.8834360499477253,1000.0,1000.0,11885.067809380434,0.049425339046902175,9885.067809380434,mean_revert,2.5665254358718244,2.3085418829935755,1.588639894361573,1.5123838236495522,65.13452186594009,14.555421411276683,0.10935065016992329,0.10556065808990311,2.5231736825949675,0.7786935321959524,1.08023458602976,0.029408882134608683,-0.12396425826285802,3.0,5.0,BDL/HAL
2024-11-18,2024-11-26,5,long,-2.494804119441836,0.6649507411451863,2.4,0.18,4.5,800000,4,0.7390203441403403,1,0.7102545053259894,0.754135233059245,1000.0,1000.0,35104.58218660446,0.1655229109330223,33104.58218660446,mean_revert,-1.6894454511547068,-1.7484800926258561,-2.09778997338663,-1.2422770011532325,40.74303885971458,-8.63478895957261,-0.031630078604566236,-0.050615406045763756,-1.220502372589249,-0.06361965020283336,0.7740471069366044,0.02027226889584968,-0.23241940636346642,-3.0,-1.0,BDL/HAL
2025-05-13,2025-05-28,11,short,3.533959466397484,0.16986933814562377,2.4,0.18,4.5,800000,4,0.7781823575088923,-1,0.8753537082572669,0.8267618209766161,1000.0,1000.0,38873.509824520625,0.1843675491226031,36873.509824520625,mean_revert,2.8410922568338894,2.927024458241348,3.875854522032091,2.714518711043847,66.00232762278503,22.360010497536813,0.09161678940901652,0.14264192717904667,2.4636777897635054,-0.09166464508096306,1.106841560600624,0.026511344066244245,0.02343325349364523,3.0,5.0,BDL/HAL
2025-11-14,2025-12-08,16,short,3.35633358312088,-0.9428226655803189,2.4,0.18,4.5,800000,4,0.7769792400634578,-1,0.7957710321946796,0.7615727146513172,1000.0,1000.0,27358.654034689956,0.1267932701734498,25358.654034689956,mean_revert,2.5911929561094946,2.1725584302142207,0.9832924679183228,0.5995722271275418,67.62147543045947,16.358994267427242,0.08527672602533176,0.1061981839546089,2.8813028203109066,0.1361554038540946,1.137127524269203,0.016670325829497304,-0.06314832244578093,3.0,5.0,BDL/HAL
2025-12-17,2025-12-22,3,long,-2.432590114999725,-0.1616065418346002,2.4,0.18,4.5,800000,4,0.777344922975609,1,0.7017656209270593,0.7510278967745011,1000.0,1000.0,39409.820677953445,0.1870491033897672,37409.820677953445,mean_revert,-1.4284188255214518,-0.9727745796456586,-1.2386435243906455,-0.8120706584941189,33.928670101202,-9.800714098157478,-0.029325960707855536,0.008181573565742006,0.2875973309311714,2.4615855348573294,1.1199919203139264,0.011150126055834457,-0.10473152581082668,-3.0,-1.0,BDL/HAL
2026-02-02,2026-02-20,14,long,-3.2307044368228177,0.1709988139170058,2.4,0.18,4.5,800000,4,0.7795381396762364,1,0.687133816713109,0.7344421501244289,1000.0,1000.0,37846.66672905592,0.1792333336452796,35846.66672905592,mean_revert,-2.6748214059548303,-3.8109415221675222,-5.078988420142407,-3.330639414996571,29.61981205753888,-26.081400689605985,-0.060089841134260524,-0.09344795548137075,-2.5114112795332066,1.2440835049753858,1.2194822353067554,0.022593299792577914,-0.1244286817504205,-3.0,-1.0,BDL/HAL
2026-05-04,2026-05-19,11,long,-2.6662495444331764,-0.16772528968576297,2.4,0.18,4.5,800000,4,0.7736263923002539,1,0.7110409034724212,0.732505995638571,1000.0,1000.0,17172.073732919824,0.07586036866459912,15172.073732919824,mean_revert,-1.9899963584822558,-0.9317703521973734,-0.23956829009075897,-0.19160608259757786,37.79299880833529,-12.340363308313798,-0.051221833330511224,-0.060801883236019094,-1.3044257950271814,-1.52049993105933,0.6430971527495157,0.012003902144831033,-0.14896376082910195,-3.0,-1.0,BDL/HAL
2026-05-29,2026-06-12,10,long,-3.644038835043672,0.33070464578359526,2.4,0.18,4.5,800000,4,0.7670579808197431,1,0.6961660643760043,0.7213264680815255,1000.0,1000.0,20128.322964416955,0.09064161482208477,18128.322964416955,mean_revert,-2.377719199194969,-1.7356074897465719,-2.07610017259295,-1.6978546884352745,34.01079622426555,-18.497143314923584,-0.057107251862583475,-0.06241016263099386,-1.4904576681429607,-0.8965402568056735,0.6963248708861323,0.012889045562449632,-0.20223874899251776,-3.0,-1.0,BDL/HAL
2019-04-30,2019-06-06,25,short,2.860614692880563,0.6529195128695298,2.4,0.18,4.5,800000,4,1.1681318590128096,-1,-2.183617254476214,-2.1784914679569223,1000.0,1000.0,-4100.629215433216,-0.03050314607716608,-6100.629215433216,time_stop,2.0514000630548113,0.9108363834761798,0.7775049875176915,0.4063926844644125,65.94289415901937,9.256237787055213,0.050666352621513866,0.035097853175189986,0.780767525246453,-0.9467424573700178,0.6745135381321774,0.011053216133408195,-0.11314574689212077,3.0,5.0,NHPC/POWERGRID
2019-08-01,2019-08-05,2,long,-2.705786105042851,0.7384543096469635,2.4,0.18,4.5,800000,4,1.141114917494154,1,-2.279078771754302,-2.2294335633126328,1000.0,1000.0,39716.16675333536,0.1885808337666768,37716.16675333536,mean_revert,-1.2160036576500213,-0.8555801261362073,-1.3248961280276574,-1.2090847847792559,37.6085472653048,-8.728608890095522,0.001819617247116767,0.01869892585131927,0.6010933767244191,0.40080230049890475,0.5837980769691755,0.016235135310980763,-0.20444923563460507,-3.0,-1.0,NHPC/POWERGRID
2020-06-02,2020-06-15,9,long,-2.6176879317624886,0.08660494548038522,2.4,0.18,4.5,800000,4,1.1634541211535123,1,-2.139781762146882,-2.1150038777008344,1000.0,1000.0,19822.307556838226,0.08911153778419113,17822.307556838226,mean_revert,-1.5223605150639088,-0.900919935364155,-0.8076097490366159,-0.8729859535549086,41.79994119357737,-10.459601779386752,-0.04474268048721797,-0.0678884219139495,-1.3398318646200038,-1.412684140828447,0.3224104989400449,0.016269674929482735,-0.4473511241546115,-3.0,-1.0,NHPC/POWERGRID
2020-08-20,2020-09-02,9,short,3.3257525221462285,-0.8141509315582619,2.4,0.18,4.5,800000,4,1.1343619147858313,-1,-1.996631638024697,-2.065070923103408,1000.0,1000.0,54751.4280629688,0.263757140314844,52751.4280629688,mean_revert,2.319881220334998,1.7822371714795355,1.6429835272882671,1.2575281869426131,72.98639760918955,17.588839898304023,0.11224064166260561,0.10420718549433294,1.439619352408949,0.272050078854506,0.7918763659033674,0.022136404149007027,0.08996020790131842,3.0,5.0,NHPC/POWERGRID
2021-07-29,2021-08-04,4,short,2.645736079146099,-0.5734193809825939,2.4,0.18,4.5,800000,4,1.094052876819329,-1,-1.9296056859750537,-1.9605516540531704,1000.0,1000.0,24756.774462493424,0.11378387231246712,22756.774462493424,mean_revert,2.359141767417624,2.0902414806946394,1.928247211913135,1.3925149382660647,61.99376712554324,17.05442980300858,0.048426194308875736,0.044269537780233126,1.1243537419554315,-1.3262519856758772,0.8236075943957556,0.011986631581904656,-0.28384387160693536,3.0,5.0,NHPC/POWERGRID
2021-08-12,2021-08-20,5,long,-3.339682261750978,-0.04636569410852273,2.4,0.18,4.5,800000,4,1.0920570761033745,1,-2.016547942905896,-1.9702518864837153,1000.0,1000.0,37036.845137744654,0.17518422568872327,35036.845137744654,mean_revert,-2.512330642777675,-2.1935157552972018,-2.406040665697751,-1.530051099264006,31.16922289074934,-14.425639917984178,-0.06821536432993325,-0.025636938654852948,-0.6121003489997826,0.9167822621510187,1.334375836627126,0.015879379968443602,-0.2942389756071449,-3.0,-1.0,NHPC/POWERGRID
2021-10-13,2021-10-18,2,long,-2.8918229316825594,2.4751913119226847,2.4,0.18,4.5,800000,4,1.0968829417460593,1,-2.0054249814162564,-1.9470687450781585,1000.0,1000.0,46684.98907047827,0.22342494535239132,44684.98907047827,mean_revert,-2.4198334231468768,-2.9643784691922566,-3.1251463242757898,-2.0786324165659864,36.282042718722145,-20.613233735514854,-0.09899272865382791,-0.1628859681274606,-3.484086565496339,0.28207621392884563,1.1461658182624384,0.022831850982161932,-0.12228397736431106,-3.0,-1.0,NHPC/POWERGRID
2022-04-11,2022-05-04,14,short,2.7363247789411544,-0.38052710872527507,2.4,0.18,4.5,800000,4,1.046314963831245,-1,-1.8722230545764649,-1.9053689258312574,1000.0,1000.0,26516.69700383401,0.12258348501917006,24516.69700383401,mean_revert,2.303401452255141,2.0824084133585337,1.3423350189792722,1.1240319103080565,64.55751951095232,15.828997853010023,0.10812848798410046,0.08955936751721794,1.8415423457537028,0.22589949208334179,1.2344427970372551,0.024961182364580448,-0.2625874850618521,3.0,5.0,NHPC/POWERGRID
2022-10-25,2022-10-28,2,short,2.549046159523153,0.07557781941692017,2.4,0.18,4.5,800000,4,1.1012858497910378,-1,-1.732715735303235,-1.80979483424975,1000.0,1000.0,61663.279157212084,0.2983163957860604,59663.279157212084,mean_revert,1.5547305894062753,1.5227721456706536,2.3561873584894246,1.2510486063771031,60.85490205793425,11.597317336961439,0.01344734877527154,0.0011113260306139239,0.001959865292076123,-0.8152830219580904,0.8439999089615984,0.0315167682066776,0.07449886428210203,3.0,5.0,NHPC/POWERGRID
2023-03-29,2023-04-10,5,short,3.225606566145754,-0.5795077858855712,2.4,0.18,4.5,800000,4,1.0977353146996307,-1,-1.8414877597227755,-1.8815096103384914,1000.0,1000.0,32017.48049257276,0.15008740246286378,30017.48049257276,mean_revert,2.5849178394510304,1.6148001268374912,1.9398612660778312,1.426416781082737,61.500160658989465,10.913536518029488,0.041737421007152165,0.05604701536431822,1.4687825932744885,-0.8464677441724342,0.7431604903153941,0.01765827925229181,-0.1902948508995086,3.0,5.0,NHPC/POWERGRID
2023-04-13,2023-05-09,16,short,2.5582550980622534,-0.5481569690262534,2.4,0.18,4.5,800000,4,1.0969907740428384,-1,-1.8398055850485873,-1.8607498618591511,1000.0,1000.0,16755.421448451103,0.07377710724225552,14755.421448451103,mean_revert,1.606175010669791,1.6988201409529824,2.428287701401784,1.683594755900127,58.086887745710904,11.829713972159759,0.03728165599241917,0.10196128841122354,2.7340814032513383,-0.406023233703613,0.7823811650860781,0.017296010414705344,-0.2799080515021705,3.0,5.0,NHPC/POWERGRID
2023-06-21,2023-06-26,3,long,-2.6806733862950693,-0.1543742004899312,2.4,0.18,4.5,800000,4,1.0996412360151984,1,-1.9005787693934661,-1.8655054599651475,1000.0,1000.0,28058.647542654926,0.13029323771327464,26058.647542654926,mean_revert,-2.045387158860251,-1.3361287631684196,-0.22336273120187025,-0.17275101292048922,40.73147998316004,-5.693699809611097,-0.03649938049168755,-0.04180962379074593,-1.1223272348627864,-0.33819082002229983,0.9576782705322157,0.018934092180399698,-0.26181767896665986,-3.0,-1.0,NHPC/POWERGRID
2023-09-12,2023-09-14,2,long,-3.151731329887167,1.2864064811452747,2.4,0.18,4.5,800000,4,1.1142815385528144,1,-1.8661972387361287,-1.8326016721653198,1000.0,1000.0,26876.453256647183,0.12438226628323591,24876.453256647183,mean_revert,-2.018510208695495,-1.6247210581554605,-2.6823933922182253,-1.9310282631535134,40.16769467008537,-12.929652999366219,-0.04747389921477385,-0.057852247043520766,-1.7119156857935645,-0.6156691760291559,0.7357674038793008,0.016513241323248162,-0.27392667992097647,-3.0,-1.0,NHPC/POWERGRID
2023-09-21,2023-10-05,9,long,-2.872175635200878,-0.010495102256098284,2.4,0.18,4.5,800000,4,1.1144085608348953,1,-1.8934857388295767,-1.8531191923953658,1000.0,1000.0,32293.237147368713,0.15146618573684356,30293.237147368713,mean_revert,-1.921034229065597,-2.4290231773756314,-4.262888851261889,-2.440338006433507,38.58512250017134,-14.583339060084818,-0.040014555934028806,-0.07045903636942219,-1.9075515757367634,1.135454887560528,1.1537323039742546,0.023206463771322045,-0.22384111462008788,-3.0,-1.0,NHPC/POWERGRID
2023-11-21,2023-12-20,20,short,2.845724996607525,-0.4810201457930792,2.4,0.18,4.5,800000,4,1.0970623499333612,-1,-1.843934836474976,-1.8554998443816166,1000.0,1000.0,9252.006325312579,0.0362600316265629,7252.006325312579,mean_revert,2.2150831444795167,1.0704975378585402,0.9087879486216389,0.8580860729614083,66.42274611263952,13.652144528297463,0.04526830487011724,0.044143110282182985,1.2078821402088178,-0.4001640414140846,0.700187704535211,0.010463785329584228,-0.028402860848548366,3.0,5.0,NHPC/POWERGRID
2024-05-31,2024-06-10,6,short,2.645505494584331,-0.2668877500089551,2.4,0.18,4.5,800000,4,1.1368414781656742,-1,-1.825777326682859,-1.887288703215704,1000.0,1000.0,49209.101226276,0.23604550613137998,47209.101226276,mean_revert,2.048361376003524,1.7167613771449124,2.5883435578580523,2.1377986253267465,64.19672028170626,12.770207486595986,0.07025342920728317,0.05619069687029832,1.3001618286247385,0.03997332531389498,0.8107627022284165,0.01924656482153118,-0.15893901856105566,3.0,5.0,NHPC/POWERGRID
2024-07-11,2024-07-22,6,short,2.5523021422217598,0.1625410688301009,2.4,0.18,4.5,800000,4,1.1287541346901762,-1,-1.8295149642261355,-1.8850782165389735,1000.0,1000.0,44450.60185027039,0.21225300925135193,42450.60185027039,mean_revert,2.2310502368912895,1.8849213955145097,1.8134818355229434,1.3073174941946026,66.41285671971191,15.01731402747015,0.06918568551703075,0.05572602319172404,1.3632342524028787,0.3590993905993369,1.0352495246993842,0.018500927441687066,-0.15352707151083214,3.0,5.0,NHPC/POWERGRID
2024-09-25,2024-09-27,2,long,-2.4601947389057406,-0.02410081552326694,2.4,0.18,4.5,800000,4,1.1090033861707003,1,-1.9843627284670315,-1.9229033776446038,1000.0,1000.0,49167.480657942164,0.2358374032897108,47167.480657942164,mean_revert,-2.025467217695371,-1.555481817612599,-1.281389525826216,-1.202997035071895,27.97475071325917,-17.840195585140663,-0.08458809910141518,-0.08642936050244288,-2.148344191773466,0.44737691467029866,0.8493147367905086,0.014631996817134523,0.049241259022515395,-3.0,-1.0,NHPC/POWERGRID
2025-01-14,2025-01-24,8,short,2.4312421346386914,-0.429552512192002,2.4,0.18,4.5,800000,4,1.0924639111333736,-1,-1.8547758123118303,-1.8683945820164785,1000.0,1000.0,10895.015763718518,0.04447507881859259,8895.015763718518,mean_revert,1.5755943694094778,0.9340771411087332,1.059526324138186,0.8329889028734705,57.21804982729455,11.528004125225515,0.01888654326899264,0.039328544914337904,0.8854358881150797,-1.346816626938187,0.374201823916232,0.011631521526975932,-0.032519393316189575,3.0,5.0,NHPC/POWERGRID
2025-02-20,2025-03-10,11,short,2.6068267561861775,-1.1541843414444806,2.4,0.18,4.5,800000,4,1.1018649575276394,-1,-1.7672685632080272,-1.8270172425063556,1000.0,1000.0,47798.94343866271,0.22899471719331355,45798.94343866271,mean_revert,1.3966164258753735,1.9286735922892961,3.1658038440131726,2.8496455458735945,64.30170365971324,11.355462464398535,0.01571091452826323,0.02789732786788779,0.8493830533417448,2.177508039217043,0.8377647476255884,0.023277205558214983,-0.02887236490967275,3.0,5.0,NHPC/POWERGRID
2025-05-06,2025-05-13,5,long,-2.831386746510249,1.1205658766858635,2.4,0.18,4.5,800000,4,1.1025652946052746,1,-1.8936994025476064,-1.8616652044437993,1000.0,1000.0,25627.358483045628,0.11813679241522813,23627.358483045628,mean_revert,-1.9650757530683596,-0.919586003006183,-0.6990200388540994,-0.6502918450047683,38.85231305191656,-8.69858807422274,-0.04763383331051152,-0.025506557689142895,-0.7132852929542304,-1.1027600069117252,0.6245175443116122,0.016024276826485218,-0.0159125728643179,-3.0,-1.0,NHPC/POWERGRID
2025-12-30,2026-01-20,15,short,3.1958243270246123,-0.021096840269937106,2.4,0.18,4.5,800000,4,1.1078933144636467,-1,-1.8139500011944962,-1.824979469701117,1000.0,1000.0,8823.57480529663,0.03411787402648315,6823.57480529663,mean_revert,1.880217238313703,1.3915113329753994,1.6922541944797402,2.127843709340112,66.13760651419528,15.065866961621623,0.027049779714767297,0.025527755597264168,0.9220066423576843,-1.0782824929012147,0.5500209487168385,0.008882318027510319,-0.04775855131448846,3.0,5.0,NHPC/POWERGRID
2026-04-28,2026-05-08,8,short,3.9711389042266467,-0.5808387393375283,2.4,0.18,4.5,800000,4,1.0771009836042358,-1,-1.782561290774599,-1.796331631415838,1000.0,1000.0,11016.272512991243,0.045081362564956214,9016.272512991243,mean_revert,2.1746659882024946,0.7868187834207768,1.0168441400124606,1.7025327866469557,62.03937522090145,13.205837318995329,0.03319532674065062,0.05615095570902895,1.9824283252024018,-1.3951836195798517,0.2589308826075247,0.01213242979662275,-0.015509688947025573,3.0,5.0,NHPC/POWERGRID
2019-02-22,2019-03-15,14,short,2.6640075510412498,-1.110663429966899,2.4,0.18,4.5,800000,4,2.4013577187746775,-1,-7.682537941728857,-7.700140465144171,1000.0,1000.0,14082.01873225181,0.06041009366125905,12082.01873225181,mean_revert,2.41013280784819,2.6322715387493445,2.518658032485471,,53.06105559762173,18.92470115629598,0.12355839770525723,0.11057178108462029,,,1.0,0.02723973274072253,0.0,3.0,5.0,BAJFINANCE/KOTAKBANK
2019-08-29,2019-09-20,14,short,2.7976485767446495,-0.3985734059393958,2.4,0.18,4.5,800000,4,2.3725831318579247,-1,-7.6811714174171195,-7.684527362923323,1000.0,1000.0,2684.7564049624852,0.003423782024812426,684.7564049624852,mean_revert,1.9282254240533796,1.3600961492013373,1.1625154424855584,0.9167043327305071,63.991274270940394,13.192183081221316,0.10445646720934487,0.12324676786144373,2.053736484265106,-0.47852266688797457,0.675898599447758,0.023372485578863844,-0.14362782219133383,3.0,5.0,BAJFINANCE/KOTAKBANK
2020-01-22,2020-01-31,7,short,3.094234745851242,-0.3846245890089247,2.4,0.18,4.5,800000,4,2.3635478064251103,-1,-7.626381933882105,-7.681282356381442,1000.0,1000.0,43920.33799946944,0.2096016899973472,41920.33799946944,mean_revert,2.168790640232509,1.4624838690527222,1.7720480156803315,2.108191571719652,67.92419532475422,16.466892052947273,0.11156207434855503,0.10478143183189559,1.9252160075448028,-0.407167894066096,0.8373172727441118,0.03006243869039773,-0.10538647944887393,3.0,5.0,BAJFINANCE/KOTAKBANK
2020-03-05,2020-03-12,4,long,-2.761239921284939,2.0887999334747422,2.4,0.18,4.5,800000,4,2.372772014703555,1,-7.693405507106977,-7.641624027589846,1000.0,1000.0,41425.18361370477,0.19712591806852386,39425.18361370477,mean_revert,-2.469851721679343,-0.9572195820997212,-0.8710438728435094,-0.8219304966842627,40.360526591181,-14.902056858056511,-0.05520858470632373,-0.061759448788383686,-0.9473872887518231,-1.6374451845080291,0.38893951684285516,0.021435877332754018,-0.145598763958616,-3.0,-1.0,BAJFINANCE/KOTAKBANK
2020-03-13,2020-03-25,8,short,2.6889966258389353,-0.802895018259865,2.4,0.18,4.5,800000,4,2.374239512111849,-1,-7.537012495563258,-7.546408978412423,1000.0,1000.0,7517.186279331867,0.027585931396659335,5517.186279331867,mean_revert,2.451624072954747,1.7405772695902666,1.6497737203079825,1.2842416480695809,65.51452411390841,18.286422637696887,0.17624222791213828,0.2265111126687227,2.9078741467696423,0.46122108989405053,0.9008984908060282,0.03409253726076624,-0.06231119919198509,3.0,5.0,BAJFINANCE/KOTAKBANK
2020-08-28,2020-09-04,5,long,-2.4311277571650525,0.030576778201946517,2.4,0.18,4.5,800000,4,2.3941759302813908,1,-7.706226168912324,-7.59855086475676,1000.0,1000.0,86140.24332445141,0.42070121662225707,84140.24332445141,mean_revert,-1.6560290391910384,-0.9058259497847451,-0.5328104946591213,-0.6631014546023275,36.521599925562,-8.899746742488695,-0.14072776841384727,-0.13902906485834343,-1.8506584770781558,0.027702132387525356,0.7872004163645376,0.035784897582377184,-0.3121829318487562,-3.0,-1.0,BAJFINANCE/KOTAKBANK
2020-10-27,2020-11-12,12,long,-3.1565984509143474,-0.13144800047672028,2.4,0.18,4.5,800000,4,2.4017881366413336,1,-7.920112949195287,-7.872798291624288,1000.0,1000.0,37851.726056799605,0.17925863028399802,35851.726056799605,mean_revert,-2.1240343420010293,-2.003205896733286,-2.421742023544904,-2.2143259337825967,21.487539978813246,-13.773677026236157,-0.2721538928643854,-0.16659767194069186,-2.4092075534770143,3.377365926166809,1.0884682810081583,0.05753815501765202,-0.05253406249611728,-3.0,-1.0,BAJFINANCE/KOTAKBANK
2021-05-03,2021-05-10,5,short,2.611502840721045,0.004727772130290868,2.4,0.18,4.5,800000,4,2.3381775367177577,-1,-7.367244416599863,-7.4819975971425015,1000.0,1000.0,91802.54443411044,0.4490127221705522,89802.54443411044,mean_revert,1.9944518342956719,1.590024648738626,1.350023744197157,1.3526639247254848,70.78640055845796,18.011766827758727,0.18828474155020025,0.21019451352065843,2.3231315094172564,0.6400806278419745,1.0051227715109812,0.030167828059700905,-0.10479312043095777,3.0,5.0,BAJFINANCE/KOTAKBANK
2021-07-28,2021-08-04,5,short,2.8041011834216296,-1.203471301872053,2.4,0.18,4.5,800000,4,2.3732524960869883,-1,-7.349156215599714,-7.413092472397431,1000.0,1000.0,51149.005438173845,0.24574502719086921,49149.005438173845,mean_revert,2.537607611462967,2.1011802805190047,1.883818806290237,1.5965881212205746,64.52238873641083,14.35049957951911,0.10351330940271808,0.07355408936647123,1.1181736674493448,-0.12430709109157892,1.1151862115077504,0.030101538488726227,0.03718383956197493,3.0,5.0,BAJFINANCE/KOTAKBANK
2022-01-28,2022-02-07,6,long,-2.4288552030650887,0.936381374854631,2.4,0.18,4.5,800000,4,2.370912746046526,1,-7.558684189796062,-7.496788014794207,1000.0,1000.0,49516.94000148379,0.23758470000741894,47516.94000148379,mean_revert,-1.3916622650370882,-0.6632507876403639,-0.7256537031680499,-1.1176834126654163,35.61465833152168,-12.293271510277897,-0.09818169417739231,-0.10292978474030079,-1.6642228982095997,-1.2715498707602675,0.39037525362448394,0.023101446342008915,-0.11066805439826737,-3.0,-1.0,BAJFINANCE/KOTAKBANK
2022-03-24,2022-04-04,7,short,2.767364089404387,-0.8707239078529473,2.4,0.18,4.5,800000,4,2.3785047258365246,-1,-7.358277805983662,-7.417125713965547,1000.0,1000.0,47078.32638550755,0.22539163192753775,45078.32638550755,mean_revert,2.0481752020772763,1.5726250696329653,2.3144830452207876,2.348526987556123,62.08827131617351,9.68991806143054,0.07570186764400955,0.06695628932499353,1.1398741205829208,0.3412300432121605,0.8539553704764808,0.03760773083781199,-0.12319111698412309,3.0,5.0,BAJFINANCE/KOTAKBANK
2022-04-28,2022-05-31,22,long,-2.604823656735973,1.0732861434357939,2.4,0.18,4.5,800000,4,2.388218595587973,1,-7.502428995371349,-7.663949142806326,1000.0,1000.0,-129216.11794798195,-0.6560805897399098,-131216.11794798195,mean_revert,-1.9339413044354907,-1.3697512058472243,-1.0543003981547654,-0.7400889291549525,39.91319601400302,-9.990250613704525,-0.07339984576110314,-0.05315674681942806,-0.798902126112865,0.36943264340557186,0.9967524896382629,0.0346544161676117,-0.11322965669903341,-3.0,-1.0,BAJFINANCE/KOTAKBANK
2022-07-18,2022-07-25,5,long,-2.6339588322723597,-0.17906965742384356,2.4,0.18,4.5,800000,4,2.365565174352557,1,-7.572152938790052,-7.485454410305776,1000.0,1000.0,69358.82278742085,0.3367941139371043,67358.82278742085,mean_revert,-1.7456375993307525,-0.5581419220749583,-0.6847171618735183,-1.0398023489301886,36.64998602273566,-13.735580027476104,-0.10019405191436714,-0.04007837194975039,-0.43591190078609293,-0.8426672002321605,0.5014478944881926,0.026192484138412662,0.049276191104322305,-3.0,-1.0,BAJFINANCE/KOTAKBANK
2022-08-26,2022-09-19,15,long,-2.426497090408355,0.34039737991955077,2.4,0.18,4.5,800000,4,2.371392211877284,1,-7.536147044850127,-7.509778342645998,1000.0,1000.0,21094.96176330339,0.09547480881651695,19094.96176330339,mean_revert,-1.5732184057367908,-0.693240877129158,-1.1750130427616394,-1.7475430975043293,38.59913478300019,-9.712964184977203,-0.06587813134351528,-0.036221945826955704,-0.4530173498295796,-0.8135501015026024,0.6186014658419566,0.026266125515524354,-0.061023352182648656,-3.0,-1.0,BAJFINANCE/KOTAKBANK
2022-10-21,2022-11-29,25,long,-2.6310022778299524,-0.10173326310542241,2.4,0.18,4.5,800000,4,2.3758944263812265,1,-7.535777827233545,-7.577815442091562,1000.0,1000.0,-33630.091886413284,-0.17815045943206642,-35630.091886413284,mean_revert,-1.7901906535676664,-0.8834277507028342,-0.5016056634493776,-0.7287142979936582,32.65176223150803,-11.037577597157721,-0.09855019703284373,-0.024232523340932843,-0.529729399944801,-0.0016278928602117123,0.8156497481708324,0.023877031027569474,-0.19415496037425334,-3.0,-1.0,BAJFINANCE/KOTAKBANK
2023-04-11,2023-05-04,15,long,-2.679400908862083,-0.05580541672646144,2.4,0.18,4.5,800000,4,2.3677339878401575,1,-7.6198052245095305,-7.600393596403845,1000.0,1000.0,15529.302484548423,0.06764651242274211,13529.302484548423,mean_revert,-1.81540723418253,-1.5015506448861824,-1.715411114771558,-1.2181420414915047,28.3528010779675,-9.905213575932812,-0.100837577511812,-0.07331836698900496,-0.9597607433725976,4.233790155863438,0.832015882784579,0.029737387241434883,0.06120633245057753,-3.0,-1.0,BAJFINANCE/KOTAKBANK
2023-07-20,2023-07-25,3,long,-2.7520491425324374,-0.0074456736097528895,2.4,0.18,4.5,800000,4,2.3649748204889063,1,-7.474664164819711,-7.39859399736845,1000.0,1000.0,60856.13396100911,0.2942806698050455,58856.13396100911,mean_revert,-1.7677640071192442,-0.3691194145503367,-0.3411511165571061,-0.4649588109868703,34.12958967640769,-9.208206858924946,-0.09706066856627338,-0.045621548518089305,-0.6296070062991952,-0.20653219922150443,0.4490780998147851,0.021050762505494838,-0.23775854050731515,-3.0,-1.0,BAJFINANCE/KOTAKBANK
2023-12-26,2024-01-02,5,long,-2.470840828374123,0.6429131841220411,2.4,0.18,4.5,800000,4,2.388535033234346,1,-7.6009676721358055,-7.546387324510004,1000.0,1000.0,43664.27810064124,0.2083213905032062,41664.27810064124,mean_revert,-1.7751262576190425,-0.9603128760782327,-1.2041629054360212,-1.559872950773845,31.639655301217502,-18.411672735904766,-0.09409418218456445,-0.135921328636611,-2.73103286626096,-0.14551833560236604,0.35401669031834876,0.02224212348174814,-0.15191544965559178,-3.0,-1.0,BAJFINANCE/KOTAKBANK
2024-03-06,2024-03-26,12,long,-2.690111330119757,0.8668960835190114,2.4,0.18,4.5,800000,4,2.3824341098276784,1,-7.519161132153269,-7.457569944211968,1000.0,1000.0,49272.95035304127,0.23636475176520635,47272.95035304127,mean_revert,-2.5730958807571325,-0.9159268812942699,-0.32642511931824575,-0.20422103633310265,37.81977019444751,-12.257124866130319,-0.1332491744389106,-0.10403149800577438,-1.0927767277640656,-1.8987838602667977,0.6689844104424849,0.025055008379984714,0.006790037259941252,-3.0,-1.0,BAJFINANCE/KOTAKBANK
2024-04-03,2024-04-08,3,short,2.6359626200879327,0.17562750614467898,2.4,0.18,4.5,800000,4,2.3825434479940464,-1,-7.351882197623408,-7.440796035989696,1000.0,1000.0,71131.07069303055,0.34565535346515275,69131.07069303055,mean_revert,1.9001323851347516,1.0797649527408515,0.24536846632715145,0.20105358314945382,67.84120523084874,10.395378996302284,0.07990679712450799,0.021624638948335217,0.1500457910806576,-0.008094201246405698,1.0340322469016137,0.02264570744262057,-0.019526495846266954,3.0,5.0,BAJFINANCE/KOTAKBANK
2024-08-28,2024-09-12,11,short,2.5864984688241845,0.11050879606111007,2.4,0.18,4.5,800000,4,2.376392146571328,-1,-7.446164695370692,-7.4284352348953675,1000.0,1000.0,-14183.568380259714,-0.08091784190129857,-16183.568380259714,mean_revert,2.1243512799193662,1.0964424953411833,1.0351237657547327,1.3273708221792164,60.74646302960569,14.528806127733134,0.06042435492644227,0.0819958506353089,1.4342353914969548,-1.105219909780704,0.49428264362599617,0.013841579156349234,-0.18210018952638884,3.0,5.0,BAJFINANCE/KOTAKBANK
2024-11-25,2024-12-11,12,long,-2.7139648045770457,0.25906739219297886,2.4,0.18,4.5,800000,4,2.377718312467552,1,-7.4714743794973675,-7.4330511383647355,1000.0,1000.0,30738.592906105565,0.14369296453052782,28738.592906105565,mean_revert,-1.7978312404937293,-0.7239913884117529,0.07938415317488931,0.08329527962364464,37.34771893529151,-11.50849408019026,-0.09070759194211853,-0.080285267858903,-0.8534957905609529,-1.3272997709388519,0.6449043427143604,0.01889952237155552,-0.0799771041003893,-3.0,-1.0,BAJFINANCE/KOTAKBANK
2025-03-24,2025-04-07,9,long,-2.693984215831387,0.6857177296891207,2.4,0.18,4.5,800000,4,2.3723126349401484,1,-7.588309569343328,-7.514827768510897,1000.0,1000.0,58785.440665944574,0.2839272033297229,56785.440665944574,mean_revert,-1.8778900655535316,-1.4403346170063946,-1.7088964172273575,-1.261375547646377,28.39013194109377,-14.148274569570553,-0.13384983800825623,-0.0845458553689129,-1.1395453529631823,0.6471282410213592,0.9465437119758741,0.026713035851413144,-0.24392548734924943,-3.0,-1.0,BAJFINANCE/KOTAKBANK
2025-07-28,2025-08-13,12,short,3.150373845560746,0.11266881032747836,2.4,0.18,4.5,800000,4,2.3504295530013377,-1,-7.302693924479802,-7.341877985344204,1000.0,1000.0,31347.248691521658,0.1467362434576083,29347.248691521658,mean_revert,2.2923785980541274,1.953142523112501,2.5134406443677384,2.9609300338525446,70.29372448143656,12.10221094623627,0.14547841928014993,0.08999590600385066,1.4487693612870414,2.0232042398847265,1.1403873710043901,0.03688517035572541,-0.10535600378365953,3.0,5.0,BAJFINANCE/KOTAKBANK
2025-10-03,2025-10-27,15,long,-2.618813013708908,0.4653245930561507,2.4,0.18,4.5,800000,4,2.3719438600212204,1,-7.419216783192464,-7.406610292112682,1000.0,1000.0,10085.192863825654,0.04042596431912827,8085.192863825654,mean_revert,-1.8193509290195566,-1.4325410190369354,-1.4224707779637107,-1.7941296198310983,31.313013869955242,-19.39711045626494,-0.13107844727827356,-0.1367792861879309,-2.027833326276462,0.7989097825201955,0.6943646835979337,0.026446957604372313,-0.05241554675029898,-3.0,-1.0,BAJFINANCE/KOTAKBANK
2025-12-11,2025-12-22,7,long,-2.9637767602838494,-0.08114291655366321,2.4,0.18,4.5,800000,4,2.368721649121233,1,-7.467977784611266,-7.434791852168885,1000.0,1000.0,26548.74595390453,0.12274372976952265,24548.74595390453,mean_revert,-2.098176749016778,-1.1033447095225624,-1.6164535703212988,-2.2849727620533242,33.71177587433259,-12.958951891040229,-0.06524543085926826,-0.09295654513865692,-2.0924162748848913,-0.870126912321176,0.453606763285362,0.01760403251880462,-0.05087207280404867,-3.0,-1.0,BAJFINANCE/KOTAKBANK
2026-01-01,2026-01-06,3,long,-2.5069062675633926,0.6979533202934224,2.4,0.18,4.5,800000,4,2.3634539205427876,1,-7.521211456379206,-7.459016784541175,1000.0,1000.0,49755.73747042432,0.2387786873521216,47755.73747042432,mean_revert,-1.9055259253012908,-1.422747059218316,-1.309137929683041,-1.6104995106380127,30.765694483958967,-15.822911363016814,-0.08406265424633741,-0.08262958127081887,-1.539493182114185,-0.04462305081387974,0.7223634930499835,0.016845182249557795,-0.2198748578798145,-3.0,-1.0,BAJFINANCE/KOTAKBANK
2026-03-09,2026-04-08,19,short,2.5458755159225173,-1.4883610930799611,2.4,0.18,4.5,800000,4,2.364592164247053,-1,-7.248175257398066,-7.257847878003293,1000.0,1000.0,7738.096484181511,0.028690482420907555,5738.096484181511,mean_revert,1.8092965886760763,0.9966150148003632,0.41887962503859244,0.28658305127796596,68.1756247679391,10.070917228710769,0.0988821182891444,0.046463083194600685,0.6930155824652304,3.0651502828758592,0.7840421253488721,0.026396616384390944,-0.012824587822610194,3.0,5.0,BAJFINANCE/KOTAKBANK
2026-04-15,2026-04-22,5,long,-2.6316694394349227,-0.1326388051290085,2.4,0.18,4.5,800000,4,2.377149641340864,1,-7.313254201992994,-7.272683582236521,1000.0,1000.0,32456.495805178063,0.15228247902589032,30456.495805178063,mean_revert,-2.1510419859413594,-0.7311949107512772,-0.5171235670398375,-0.46695767384744524,42.60422855187461,-11.234683524193663,-0.07231105192686105,-0.05260334175435322,-0.9638367231832937,-1.349085711600162,0.40796502396614454,0.022823989145201846,-0.06574405443608937,-3.0,-1.0,BAJFINANCE/KOTAKBANK
2026-06-10,2026-06-19,7,long,-2.614560421432896,0.17296719373759198,2.4,0.18,4.5,800000,4,2.383755741709431,1,-7.421411782505125,-7.4045457065842895,1000.0,1000.0,13492.860736668177,0.057464303683340885,11492.860736668177,mean_revert,-2.0568109941656854,-1.002724889513961,-1.4026235443933055,-1.142994198132071,37.13039451518101,-12.36895956194865,-0.03298432849072963,-0.05512592335249966,-0.7336010374601848,-1.5862829822511626,0.34410532398166493,0.019906719950297996,-0.04041489994615188,-3.0,-1.0,BAJFINANCE/KOTAKBANK
2019-02-22,2019-03-15,14,short,3.8754840246691877,-0.24336252801325622,2.4,0.18,4.5,800000,4,1.1013385828353104,-1,0.09894081721903054,0.09481086944651378,1000.0,1000.0,3303.9582180134144,0.0065197910900670715,1303.9582180134144,mean_revert,2.844832043401828,2.4338404129454623,2.7351282070624765,,45.81392085553351,23.207473446248983,0.038552106017283094,0.038557758524215835,,,1.0,0.008322892116379215,0.0,3.0,5.0,HDFCBANK/KOTAKBANK
2019-04-10,2019-05-02,12,long,-2.411857144005594,-0.06934249362358698,2.4,0.18,4.5,800000,4,1.1053693696182334,1,0.06480189144098589,0.09123639453536739,1000.0,1000.0,21147.602475505202,0.09573801237752601,19147.602475505202,mean_revert,-1.704326548805686,-1.2699233268059236,-1.5340277879654072,-1.0430054571860345,35.1072188260417,-12.688759026153612,-0.03322002733782359,-0.03613139778976837,-1.1196974112752884,0.021265988736912968,1.0,0.009292535799339646,0.0,-3.0,-1.0,HDFCBANK/KOTAKBANK
2019-05-17,2019-05-28,7,long,-2.5265051183964893,0.8947666790350605,2.4,0.18,4.5,800000,4,1.0980742531222552,1,0.0742797817920723,0.07993832966493342,1000.0,1000.0,4526.838298288893,0.012634191491444466,2526.8382982888934,mean_revert,-1.8815359548851567,-1.0820168333699123,-1.2495712946091295,-1.0332863595358177,41.595401305629395,-11.561507450043365,-0.010167978090547258,-0.021815794705393188,-0.8284452465797547,-1.7342276387023876,0.34624281825376596,0.005756202342428753,-0.0073105984692715875,-3.0,-1.0,HDFCBANK/KOTAKBANK
2020-01-22,2020-01-24,2,short,3.5718627442650033,-0.20144536340649735,2.4,0.18,4.5,800000,4,1.0779899529154215,-1,0.14382135571863222,0.12390451985113042,1000.0,1000.0,15933.46869400144,0.06966734347000719,13933.46869400144,mean_revert,1.980801707971243,1.6130655107497505,2.5886105390156473,2.19759896021413,60.32967077643945,13.751565979559984,0.022167987430631086,0.03464449280726445,1.5837921382713054,-1.3333812229082247,0.6331501639430027,0.012246120568872986,-0.11436755853927112,3.0,5.0,HDFCBANK/KOTAKBANK
2020-01-31,2020-02-06,4,long,-2.653639822622415,-0.156039286373847,2.4,0.18,4.5,800000,4,1.076246377296001,1,0.08814096921314632,0.12058037142743501,1000.0,1000.0,25951.52177143095,0.11975760885715475,23951.52177143095,mean_revert,-2.170944273149661,-1.2257213840737655,-0.23825326461701624,-0.21655801461792376,36.99533212221294,-9.483783634442105,-0.035649987546883644,-0.017852842557414483,-0.7546877265667935,-0.022988300374612438,1.158569284529017,0.012666052903740897,-0.08132952474760526,-3.0,-1.0,HDFCBANK/KOTAKBANK
2020-03-13,2020-03-20,5,short,2.518533313303316,0.15707361568022768,2.4,0.18,4.5,800000,4,1.0671971595135512,-1,0.14857539172218026,0.12530300295314817,1000.0,1000.0,18617.911015225673,0.08308955507612836,16617.911015225673,mean_revert,2.2274678614001697,2.302299141811719,2.1412585390608,0.9899312440709784,61.16104039153162,13.614745330574557,0.05764698395980883,0.09574495469507038,2.632466291570587,0.04576762932997902,1.2583851135751492,0.013104409123756083,0.016689559529049446,3.0,5.0,HDFCBANK/KOTAKBANK
2020-07-28,2020-08-12,11,long,-2.7873606452446924,0.17476664102559566,2.4,0.18,4.5,800000,4,1.081664825536632,1,0.1566053749730247,0.18813948944059658,1000.0,1000.0,25227.291574057497,0.11613645787028748,23227.291574057497,mean_revert,-2.3581725083250524,-1.237663710700594,1.0350104979854684,0.9226696358695248,38.16398553603338,-8.442913491777063,-0.06786732498690018,-0.07030110756227526,-1.4277536976065432,-0.19631077378404832,1.1615844603295167,0.01815958726466213,-0.14358262558704393,-3.0,-1.0,HDFCBANK/KOTAKBANK
2020-10-27,2020-11-09,9,long,-3.142928468448805,0.2005289998932494,2.4,0.18,4.5,800000,4,1.0885032555243197,1,0.11833075041130835,0.19486410756227343,1000.0,1000.0,61226.68572077207,0.2961334286038603,59226.68572077207,mean_revert,-2.4191459524272165,-2.6546771154249966,-3.1140470704382386,-2.219543938179109,25.89934830526589,-18.175660793571367,-0.13006717609764795,-0.1061559630078408,-2.4200472391194014,3.657635007237381,1.3936942381432442,0.025006133854663038,0.05732040792436661,-3.0,-1.0,HDFCBANK/KOTAKBANK
2021-08-24,2021-09-03,8,short,2.718509139347141,-0.3954938386738115,2.4,0.18,4.5,800000,4,1.0651941363242527,-1,0.37707669061557775,0.3342471536607696,1000.0,1000.0,34263.6295638465,0.1613181478192325,32263.6295638465,mean_revert,1.783180239855506,1.2004977811000785,1.0048574865791278,0.6678189652714736,68.09666416069429,10.220455298995788,0.04995913352128767,0.02211741925596833,0.7131119764447164,3.148743350258533,1.4779495092970345,0.013260768181887903,0.031168321815955986,3.0,5.0,HDFCBANK/KOTAKBANK
2022-01-28,2022-01-31,1,long,-2.522929544437526,0.11326805010392801,2.4,0.18,4.5,800000,4,1.0404403116340246,1,0.35504685629478133,0.38678120534462407,1000.0,1000.0,25387.47923987419,0.11693739619937094,23387.47923987419,mean_revert,-1.4578898161669593,-1.5443296700809688,-2.0367306426605634,-2.9212158275544775,39.72548930451225,-17.26736684181568,-0.02792917159667141,-0.06693130333529851,-2.7209416788284932,-0.4344850738034972,0.5848980528054631,0.010702433463363862,-0.14673915473770557,-3.0,-1.0,HDFCBANK/KOTAKBANK
2022-04-04,2022-04-08,4,short,3.030802032415458,-0.2863157814700699,2.4,0.18,4.5,800000,4,1.0478783835683527,-1,0.453949453326714,0.40253944782996026,1000.0,1000.0,41128.00439740298,0.1956400219870149,39128.00439740298,mean_revert,1.9848459743137927,1.7757958928383168,1.7912815547896284,1.8269529367281285,68.94064923943722,15.023003585867535,0.058749018263372754,0.06871409024269504,2.2996903031800398,-0.09259050849121923,0.6860076691862337,0.01378389805077796,-0.009431378466775756,3.0,5.0,HDFCBANK/KOTAKBANK
2022-05-30,2022-07-04,25,short,2.7365162400359915,1.4792615286352202,2.4,0.18,4.5,800000,4,1.026091284384445,-1,0.39809063837372843,0.44000064370407443,1000.0,1000.0,-33528.0042642768,-0.177640021321384,-35528.0042642768,time_stop,2.1238387086261343,1.1826751685103198,1.6141790540042882,1.2718409966014679,65.20145357091985,19.151562530752322,0.06218805374521086,0.05754483141121902,1.4741775076923522,-0.4164257238833455,0.6176312450137313,0.011923179048067577,0.002027901451680133,3.0,5.0,HDFCBANK/KOTAKBANK
2022-07-18,2022-07-25,5,long,-2.4677428524945877,0.18256720327908782,2.4,0.18,4.5,800000,4,1.035033832097653,1,0.3457698300961134,0.41309976714488866,1000.0,1000.0,53863.94963902021,0.25931974819510106,51863.94963902021,mean_revert,-1.6731215964030772,-0.4729394275882673,-0.022690148724676975,0.06636898457328248,25.75614524953643,-10.365563473060305,-0.08123942065139378,-0.04537249561533141,-1.248479432916829,1.4335010283549994,0.7684261847076711,0.012595725891149028,0.06399404448358173,-3.0,-1.0,HDFCBANK/KOTAKBANK
2022-10-21,2022-10-25,2,long,-2.848073392283528,1.1267839974745595,2.4,0.18,4.5,800000,4,1.0328623120551774,1,0.3941592186213555,0.41623970477658906,1000.0,1000.0,17664.388924186846,0.07832194462093423,15664.388924186846,mean_revert,-2.2540275384585264,-1.255053867241298,-1.645940085030196,-2.307195746124421,37.22859780150152,-9.368477435138132,-0.03162020739706772,-0.024484079275334913,-1.8030639819802594,-0.3215862874475334,0.6580670158745003,0.008324706141969515,-0.2748426888857906,-3.0,-1.0,HDFCBANK/KOTAKBANK
2022-11-11,2022-11-21,6,short,3.345006723659384,0.028631562467569864,2.4,0.18,4.5,800000,4,1.0362057500224726,-1,0.46771116772552884,0.4322453941792058,1000.0,1000.0,28372.618837058417,0.13186309418529207,26372.618837058417,mean_revert,2.4931686740931633,2.330653743429903,2.166296964306858,1.9421267217467062,69.52497536922925,11.761494838726158,0.05296037266801257,0.04263880497565253,2.420397943647667,4.243415973101277,1.277797526923533,0.01377682906405351,-0.2041036623796771,3.0,5.0,HDFCBANK/KOTAKBANK
2023-02-27,2023-03-09,7,long,-2.800947774270859,0.7466194237340147,2.4,0.18,4.5,800000,4,1.0621043432433015,1,0.42513434484017043,0.44328984792350684,1000.0,1000.0,14524.40246666913,0.06262201233334565,12524.40246666913,mean_revert,-1.9714915967957176,-1.4547719992955834,-1.618722313940959,-1.1635095764223056,40.58065267053795,-11.008768028087076,-0.024996588549227816,-0.036589989595351646,-1.4582993917330445,-1.6356144313007908,0.649564788449535,0.008139193417450055,-0.19244372658725745,-3.0,-1.0,HDFCBANK/KOTAKBANK
2023-04-11,2023-04-26,10,long,-2.854762260062817,0.14058739765634876,2.4,0.18,4.5,800000,4,1.0607930324853925,1,0.4062011204970256,0.4245837855008447,1000.0,1000.0,14706.132003055262,0.06353066001527631,12706.132003055262,mean_revert,-2.6233810250133924,-2.965839950645892,-4.098847864945126,-3.146393706627205,38.32202033971302,-17.76632649053883,-0.03361484065601861,-0.05809998615050471,-2.6888974663356566,0.11337562311394128,0.9454514817954534,0.012914650847039395,-0.18842336141646607,-3.0,-1.0,HDFCBANK/KOTAKBANK
2023-09-20,2023-10-04,9,long,-2.8290340490241785,0.5481987379418435,2.4,0.18,4.5,800000,4,1.0518914595956557,1,0.4398519157343126,0.45618033764878585,1000.0,1000.0,13062.737531578605,0.055313687657893025,11062.737531578605,mean_revert,-2.5462284383241296,-1.6628261245972702,-1.4764938870879718,-1.3591295978240678,37.13219126672178,-13.442544511966162,-0.033664913310747835,-0.030647130141808532,-1.5482488056647876,-0.3461793068126218,0.7246359108036347,0.010119647664687065,0.08605090885287169,-3.0,-1.0,HDFCBANK/KOTAKBANK
2023-11-22,2023-12-14,15,short,2.627885430939301,0.05628444843324623,2.4,0.18,4.5,800000,4,1.0446145967522042,-1,0.46913268928931845,0.4644332560875294,1000.0,1000.0,3759.5465614312484,0.008797732807156242,1759.5465614312484,mean_revert,2.053077115317982,0.977440695235849,0.7183161951885156,0.5265090622761386,61.50737622762313,8.877827964091374,0.020357393779746324,0.014738728654558386,0.6662495211922888,-0.630198450863899,0.6374280467724555,0.005255621936163501,-0.3697352661334688,3.0,5.0,HDFCBANK/KOTAKBANK
2024-01-17,2024-02-08,14,long,-3.5788195671861778,0.015280306061500189,2.4,0.18,4.5,800000,4,1.052320130664712,1,0.43653737093418576,0.43158104651625,1000.0,1000.0,-3965.059534348603,-0.029825297671743016,-5965.059534348603,mean_revert,-2.761207756454556,-1.8578658616644106,-1.2451418086130353,-1.0281288555225585,34.00536712463979,-9.532150281854676,-0.047896468648032986,-0.028278929770552352,-1.4775604657947832,1.1058113433983445,1.174461436591041,0.01235847612037703,-0.3626851496276497,-3.0,-1.0,HDFCBANK/KOTAKBANK
2024-03-12,2024-03-20,6,short,3.1816708545043064,-1.7478157750877754,2.4,0.18,4.5,800000,4,1.040305196215145,-1,0.46550899128175544,0.44861183989208436,1000.0,1000.0,13517.721111736857,0.05758860555868429,11517.721111736857,mean_revert,1.3675585000497716,1.054984261670336,1.4531958925595458,1.3025475460832854,60.046234185942,12.079430702341057,0.019101860967492,0.04466343453549548,1.44088406132264,-1.2333121619584702,0.34032347553357856,0.010238819735897084,-0.17892089359460464,3.0,5.0,HDFCBANK/KOTAKBANK
2024-04-04,2024-04-10,4,short,2.421604761743256,-0.40732973746212137,2.4,0.18,4.5,800000,4,1.0407338235318118,-1,0.5007958204310579,0.46278274216789456,1000.0,1000.0,30410.46261053064,0.1420523130526532,28410.46261053064,mean_revert,1.9336671509920929,1.0495719948398228,0.5616281643509123,0.7592864259715524,69.16196762483422,17.011238968815697,0.06421552425898902,0.05041781271264245,2.0159126913425007,0.06942339418804083,0.8965058263349189,0.01008093770934154,-0.03770228928760153,3.0,5.0,HDFCBANK/KOTAKBANK
2024-04-25,2024-05-08,8,short,3.0135779476808744,0.1718994644599104,2.4,0.18,4.5,800000,4,1.0427280726322532,-1,0.5265537665996114,0.48691079805588316,1000.0,1000.0,31714.374834982584,0.1485718741749129,29714.374834982584,mean_revert,2.7115917251398622,3.2198476530007842,3.4172916801678386,2.9849628902499963,67.89854280794982,21.871476570308978,0.09640633758513051,0.09811868677280344,2.5277800011841225,2.1581170641796388,1.164604596645761,0.02502156057687742,-0.17926178624310082,3.0,5.0,HDFCBANK/KOTAKBANK
2025-01-02,2025-01-28,18,long,-2.559367695036647,0.5363389387464249,2.4,0.18,4.5,800000,4,1.067335287514165,1,0.4690014521039784,0.4752101761495897,1000.0,1000.0,4966.979236489033,0.014834896182445163,2966.9792364890327,mean_revert,-1.3838134199485832,-0.8114299123413217,-0.7376200863852088,-1.1770558965400753,31.507110955206798,-11.882348181600726,-0.03565659464642845,-0.04125684306250488,-2.0787310240078036,0.16725934265841677,0.5345610349845051,0.009061636333565127,0.008905474084632901,-3.0,-1.0,HDFCBANK/KOTAKBANK
2025-05-05,2025-05-23,14,short,4.017660419421271,0.04462648839039905,2.4,0.18,4.5,800000,4,1.0360994565125252,-1,0.5677043205886411,0.5510370389707252,1000.0,1000.0,13333.825294332692,0.05666912647166346,11333.825294332692,mean_revert,2.7649908096526827,2.3360032585460155,2.1561047353001395,1.7001684073813101,70.90021818604785,18.28156584740561,0.06116128614666838,0.06018667949621115,2.0697211164591613,0.2520812360050249,0.9824992412837718,0.012603423410762777,-0.025145845691081532,3.0,5.0,HDFCBANK/KOTAKBANK
2026-01-27,2026-02-06,8,short,3.1553186391649675,-0.181727288792497,2.4,0.18,4.5,800000,4,1.033044001896352,-1,0.5940914275520746,0.5776016706856567,1000.0,1000.0,13191.80549313428,0.0559590274656714,11191.80549313428,mean_revert,2.906195355269081,2.4787556929695853,3.3616066984441657,3.0251966835821014,63.64416496879932,15.08293624535154,0.04953588963569455,0.04820251255324948,2.2137528544421476,1.2729939015860665,1.0308702258352807,0.013162981829900887,-0.21410136514814232,3.0,5.0,HDFCBANK/KOTAKBANK
2026-03-16,2026-03-19,3,short,2.497537965786996,-0.13159688996011804,2.4,0.18,4.5,800000,4,1.0298568993823103,-1,0.62619210004389,0.5841144115880065,1000.0,1000.0,33662.15076470684,0.1583107538235342,31662.150764706843,mean_revert,1.6630703681921217,1.1036466058993617,0.7606827569332826,0.4203576502458707,70.56414873622602,12.317136201818542,0.03759083776504557,0.02637080997369079,0.7333146213197771,0.3658716248821859,1.0071940894064029,0.008990154003067173,-0.10153708426255682,3.0,5.0,HDFCBANK/KOTAKBANK
2026-06-18,2026-06-25,5,short,2.6260305299749516,1.4270077495171518,2.4,0.18,4.5,800000,4,1.0115694932998227,-1,0.5959596484721748,0.5905751518333435,1000.0,1000.0,4307.597311064981,0.011537986555324906,2307.597311064981,end_of_data,2.097583779639952,1.6660738579412544,0.9680050927512737,0.5409936594330942,63.58192694400026,13.853973014609451,0.052994427765805874,0.058776645282937245,1.456958447338931,-0.6945257215203667,1.0136204091989807,0.009042683569855344,0.034181918347604236,3.0,5.0,HDFCBANK/KOTAKBANK
2019-06-24,2019-07-19,19,short,2.4945341558282905,0.10292587068167261,2.4,0.18,4.5,800000,4,0.8032391607880542,-1,0.6265785352556906,0.6176524575691309,1000.0,1000.0,7140.862149247784,0.025704310746238922,5140.862149247784,mean_revert,1.1259927892293482,1.4892227898447121,1.589215686103151,1.1694006766975515,57.031569317800695,12.423453827542652,0.012862924239872342,0.03696770681280093,1.2249172972737703,-0.7129790256539716,0.6564444138118513,0.010138664475334317,0.019656249867486465,3.0,5.0,OIL/ONGC
2020-03-16,2020-04-22,23,long,-2.441503576702151,-0.0246915847227967,2.4,0.18,4.5,800000,4,0.821006417817743,1,0.5299888415974227,0.5949874055385331,1000.0,1000.0,51998.85115288838,0.24999425576444192,49998.85115288838,mean_revert,-1.379966333559821,-0.9314958367764439,-0.8910415941293974,-0.5640524990144232,35.625979860575654,-4.841085661897033,-0.07804098952887895,-0.058885800221544216,-1.1496981723120094,3.299877712887681,0.894196565741601,0.033491620091999866,-0.18550425917667648,-3.0,-1.0,OIL/ONGC
2020-05-06,2020-06-04,20,long,-2.639860320048397,-0.12266506280728823,2.4,0.18,4.5,800000,4,0.8211233425379343,1,0.5230621708449658,0.5328519698336635,1000.0,1000.0,7831.839190958156,0.02915919595479078,5831.839190958156,mean_revert,-1.2040348566130599,-0.5397603376039761,-0.4266281154781108,-0.42096162920392166,43.11763326355934,-8.819012782201895,-0.0615562607081892,-0.05532992318069496,-1.176150212247588,-1.248515411729903,0.4117463602265959,0.01940599254614808,-0.1527528984927944,-2.0,0.0,OIL/ONGC
2020-06-16,2020-07-21,25,short,2.5973525532499315,0.2091319008506713,2.4,0.18,4.5,800000,4,0.7940551800487194,-1,0.6599784780717468,0.5722601874543494,1000.0,1000.0,70174.63249391796,0.3408731624695898,68174.63249391796,time_stop,1.6428730465755301,1.2083759566324923,1.0445612478649566,1.490901465528845,76.16598060268936,12.484360705692247,0.10889463383201381,0.0655156077544552,1.67830903929446,2.773174839892603,1.0992638013980789,0.01978769819639151,-0.007409725240988077,3.0,5.0,OIL/ONGC
2021-01-18,2021-02-16,20,short,2.7620347463176924,-0.7189439677774512,2.4,0.18,4.5,800000,4,0.8013409937322271,-1,0.6627666422804726,0.634768868275036,1000.0,1000.0,22398.219204349258,0.10199109602174629,20398.219204349258,mean_revert,1.6383179171542892,1.6807384212582803,1.3339715883696581,0.6912141088580854,65.12987096749538,15.724945467272974,0.051252435832549015,0.07282315824973606,1.8909070782744326,0.39797135826396124,0.8532772379725798,0.010893034493466701,0.059968105869979214,3.0,5.0,OIL/ONGC
2021-11-22,2021-11-30,6,long,-3.6818508064169753,1.0656110938704229,2.4,0.18,4.5,800000,4,0.8671835548154042,1,0.5799108051894882,0.6417787781872044,1000.0,1000.0,49494.37839817294,0.23747189199086471,47494.37839817294,mean_revert,-1.9768730542104758,-1.1636678760881922,-1.3147406391402543,-0.5764529265155638,35.34415557166939,-14.933706013360684,-0.09571696694748866,-0.10751662031740139,-1.1962104774143487,-0.6401201618071064,0.4403262117637558,0.021056788589963484,0.07953804160140185,-3.0,-1.0,OIL/ONGC
2022-02-09,2022-03-07,17,short,3.265613546056262,-0.3375026212484615,2.4,0.18,4.5,800000,4,0.8578137510849977,-1,0.6622961620422543,0.6399992598977502,1000.0,1000.0,17837.521715603267,0.07918760857801634,15837.521715603267,mean_revert,1.6010557906726266,1.293213409850583,2.0061887450109697,1.3838432115834258,57.245306841298984,11.130397035688311,0.027265759321580596,0.06200474544109014,0.9902276148961335,-1.6172112752187413,0.4315801805130574,0.018064147786214586,-0.1389947290324832,3.0,5.0,OIL/ONGC
2022-05-17,2022-06-20,24,short,2.9198018971583806,-0.030523348272433967,2.4,0.18,4.5,800000,4,0.8657903035429062,-1,0.6889435434150811,0.6882384926865823,1000.0,1000.0,564.0405827990413,-0.007179797086004794,-1435.9594172009588,mean_revert,2.0419215738260235,0.8562969617483568,1.381323171806391,0.9237499936613851,61.30496928540452,7.805844054227428,0.06050030350602498,0.03514723813492093,0.8693490267308998,-0.8978276239714094,0.8845947845518295,0.01546798663753035,-0.35603612814008473,3.0,5.0,OIL/ONGC
2022-09-23,2022-09-28,3,short,2.4869731489842173,0.14792783115280844,2.4,0.18,4.5,800000,4,0.8677825471490845,-1,0.631846645398739,0.5904140086583607,1000.0,1000.0,33146.10939230267,0.15573054696151337,31146.10939230267,mean_revert,0.6808706901164356,0.6366353175499789,1.096658516848457,2.8075821615661583,58.77723836593122,9.79892481479699,0.006471530829911032,0.026230263019642486,0.8547838684283573,-0.9682687430887605,0.19849952490092215,0.008723002290418821,0.061137475770510624,2.0,4.0,OIL/ONGC
2022-10-06,2022-11-04,20,short,2.6621492186466758,-0.13723116103683441,2.4,0.18,4.5,800000,4,0.8662040685700676,-1,0.6209769402208374,0.6131601213744857,1000.0,1000.0,6253.455077081327,0.021267275385406632,4253.455077081327,mean_revert,1.1016308953039446,1.0707453445198496,1.1744722570487969,1.9087595236183144,55.86228417065388,12.165437641834849,0.034998902940967636,0.07681557980586762,2.407044949040219,-0.839696472193704,0.5698069760422915,0.011718274245980872,-0.13451585951936232,3.0,5.0,OIL/ONGC
2023-01-11,2023-02-03,16,short,3.124883782472147,-1.087256707007595,2.4,0.18,4.5,800000,4,0.8702825541567035,-1,0.6617681757926207,0.636922090759594,1000.0,1000.0,19876.868026421325,0.08938434013210662,17876.868026421325,mean_revert,3.0607254542595164,3.1942085301649596,3.015329296731484,1.9731481182502402,67.6668193204958,21.11304084029686,0.06340955625460687,0.06061307799139115,2.0691823172170207,1.622175841059957,1.2230090382762886,0.014004993407097616,-0.05602174683618199,3.0,5.0,OIL/ONGC
2023-07-27,2023-08-28,21,short,2.500435961009313,0.15134638953182483,2.4,0.18,4.5,800000,4,0.8919353709300665,-1,0.6519430925203716,0.6220593968122081,1000.0,1000.0,23906.95656653081,0.10953478283265405,21906.95656653081,mean_revert,1.9611612542587817,1.7997621467659066,2.2941750048156213,2.1162454283267556,67.2894383458891,17.244703559642453,0.04249448774743847,0.047700753813269436,2.0427116440196436,0.4720875670236884,0.8720053309137735,0.010912978244398758,-0.09870023786815045,3.0,5.0,OIL/ONGC
2023-10-09,2023-10-23,10,short,2.463722541367677,-0.09740694800865632,2.4,0.18,4.5,800000,4,0.8984922829155145,-1,0.7105779819961568,0.6433730508120327,1000.0,1000.0,53763.944947299344,0.2588197247364967,51763.944947299344,mean_revert,1.5598581914737524,0.8959237729821872,0.8857963191783403,0.7206755760877851,73.56685552458107,9.611621705956985,0.06992336875263838,-0.005991336729827879,-0.2571239694388198,2.7334135566341673,1.3066925019922369,0.014445657744624718,0.07078173921815603,3.0,5.0,OIL/ONGC
2023-12-20,2024-01-04,10,short,2.611731500392304,0.03580437819719819,2.4,0.18,4.5,800000,4,0.9050674631309934,-1,0.7039679314711971,0.6528723191225213,1000.0,1000.0,40876.489878940614,0.19438244939470306,38876.489878940614,mean_revert,2.0581093107648134,1.6686445586243126,1.6721245043543882,1.9636653253414171,66.68465019277431,15.743814788014454,0.09001607515808718,0.10432480765773988,2.4811249622533422,0.3870149778740113,0.8147851593458685,0.02145536002531754,-0.0719855795792327,3.0,5.0,OIL/ONGC
2024-02-15,2024-02-28,9,short,2.5604858773746866,0.16422667313295264,2.4,0.18,4.5,800000,4,0.9302246744246192,-1,0.7301011073399666,0.6596858824454218,1000.0,1000.0,56332.17991563582,0.27166089957817907,54332.17991563582,mean_revert,1.7550959694766453,1.8660329955973776,2.6914557107595205,2.029507228461943,63.331872296680785,13.148387638596951,0.03946206883452419,0.03723605229608751,0.6651943240776119,-0.059503194650241786,0.8126889203075238,0.029561982976426884,-0.12527945964848541,3.0,5.0,OIL/ONGC
2024-04-15,2024-05-23,25,long,-2.7910806370181196,-1.864544818928009,2.4,0.18,4.5,800000,4,0.9763876479463105,1,0.583178190250569,0.5895599315541578,1000.0,1000.0,5105.393042870965,0.015526965214354822,3105.3930428709646,time_stop,-1.6900784260018613,-0.9987077010883653,-0.9442320541218139,-0.6720099806954045,38.577024406154244,-10.26822311242659,-0.06849451264232087,-0.055371110094705855,-0.7239907072577962,-1.7717956721143837,0.5283342778192903,0.018458518021199202,-0.0874731229405555,-3.0,-1.0,OIL/ONGC
2024-06-04,2024-06-05,1,short,2.588405132449528,-1.5523226904532366,2.4,0.18,4.5,800000,4,0.9838031229668942,-1,0.6508265564658253,0.6132236714727239,1000.0,1000.0,30082.307994481107,0.14041153997240555,28082.307994481107,mean_revert,2.5261046775675755,1.360624316298145,2.101916843123238,2.7014417441138057,60.619649749182734,11.240978887264525,0.042666183090688925,0.033426175979398565,0.9052216546704128,-1.318639020163357,0.5738373967345005,0.020857080090444572,-0.13179923812943453,3.0,5.0,OIL/ONGC
2024-07-12,2024-07-18,3,short,3.7382918318207103,-0.9147613450092026,2.4,0.18,4.5,800000,4,1.0031356063475132,-1,0.6832261701556299,0.6147497359745786,1000.0,1000.0,54781.147344841054,0.26390573672420525,52781.147344841054,mean_revert,2.8099050235333722,3.2947121948132843,3.7315288615964604,2.2543988373371273,66.46636872633633,21.951649254234397,0.13889303135854636,0.18181993200106383,3.5828134343861366,2.5556352689183117,1.3192768558421848,0.02840719084450656,-0.1861131984764984,3.0,5.0,OIL/ONGC
2024-10-16,2024-11-06,15,long,-3.520432316120706,0.46662969326030324,2.4,0.18,4.5,800000,4,1.0296620599328976,1,0.5240255871627969,0.5659411351984599,1000.0,1000.0,33532.4384285304,0.15766219214265198,31532.438428530397,mean_revert,-1.8507029708825782,-1.3246456522426346,-1.6329931641527162,-1.5794936096712264,40.369912887734145,-12.224696436691346,-0.07283698494927826,-0.1062348027910538,-2.0466869698068084,-0.7032371172952502,0.63255275751701,0.027305321651307415,-0.0846649575188282,-3.0,-1.0,OIL/ONGC
2025-04-22,2025-05-27,24,short,2.8662039541508895,5.4091142612886145,2.4,0.18,4.5,800000,4,0.9913303851862937,-1,0.5549112242722221,0.5749445001419761,1000.0,1000.0,-16026.620695803207,-0.09013310347901603,-18026.620695803205,stop,2.023589374617842,0.9271589079466012,0.9524703688027799,0.8948858020306484,63.63253967369008,12.703416886923314,0.04768991967609271,0.03533026889056501,0.9602632025700459,-1.6570038188909888,0.5099067303153647,0.010023490262285922,0.08803928806580993,3.0,5.0,OIL/ONGC
2025-06-11,2025-06-24,9,short,4.363005660990191,-0.5273985786327042,2.4,0.18,4.5,800000,4,1.008112222247617,-1,0.586306407319366,0.5627458516651702,1000.0,1000.0,18848.444523356633,0.08424222261678317,16848.444523356633,mean_revert,2.4540073100183375,1.6944344644598492,1.6502064389971645,2.001723356221207,64.11846230723611,17.057267596771304,0.037808275385773804,0.05654443620174465,2.4485224066968336,-0.33708034354943844,0.674510609122153,0.013363015445641016,-0.20594668545499717,3.0,5.0,OIL/ONGC
2025-08-11,2025-09-17,25,long,-2.94570302007363,-0.10072321555243514,2.4,0.18,4.5,800000,4,1.016313731509786,1,0.5368148848236904,0.5285460108052652,1000.0,1000.0,-6615.099214740194,-0.04307549607370097,-8615.099214740194,mean_revert,-1.44372405909301,-0.8974977983139031,-1.0317607185317672,-0.9029470316358679,43.43382206302191,-8.74159708694534,-0.011126250156738848,-0.013495260457904834,-0.34259176199189517,-1.0599591757346516,0.30542989980960256,0.008598079604320906,-0.21425904368548657,-3.0,-1.0,OIL/ONGC
2026-01-01,2026-01-20,13,short,2.4611223482739186,0.046454940449654,2.4,0.18,4.5,800000,4,1.0034922753051447,-1,0.5741260602270052,0.5445064060881493,1000.0,1000.0,23695.723311084737,0.1084786165554237,21695.723311084737,mean_revert,1.3811562802213182,1.3208592086687045,1.8935931113606614,2.015105497204999,65.08038885710464,12.316603298030365,0.020311855429099523,0.029063105596293326,1.9620551135293398,0.4198484881169415,0.6445395789765503,0.008832291329193834,-0.13682123299537854,3.0,5.0,OIL/ONGC
2026-01-30,2026-02-05,4,short,2.5725206103049367,-0.004248408313854726,2.4,0.18,4.5,800000,4,1.0109537242233575,-1,0.5843151869136067,0.5515330878707388,1000.0,1000.0,26225.679234294308,0.12112839617147154,24225.679234294308,mean_revert,1.5473839996335697,1.2547794750052474,0.43281990236443507,0.24099725797551466,63.36879823273863,12.595220711445108,0.043304580771089896,0.037253476053048296,1.1775186092586685,1.3891050321081317,0.929855454917541,0.009348069890147052,0.07549798084961537,3.0,5.0,OIL/ONGC
2026-03-30,2026-04-20,12,long,-2.697761731991862,0.08296750482606897,2.4,0.18,4.5,800000,4,1.0035048275733167,1,0.49828882161076243,0.5258823422410104,1000.0,1000.0,22074.81650419836,0.1003740825209918,20074.81650419836,mean_revert,-1.9735650538633946,-1.3200233473283902,-1.4406821888119692,-1.1689582098830287,38.06052957999374,-16.54276157289241,-0.06149787005266738,-0.05555812747938038,-1.4498875193052494,-1.0507261454161918,0.7211860504166201,0.013858175867291427,0.03771293847695683,-3.0,-1.0,OIL/ONGC
2026-05-12,2026-06-10,21,short,2.7134541755370445,-0.9340068806134182,2.4,0.18,4.5,800000,4,0.9921438080034858,-1,0.5517015660590885,0.5483224564396469,1000.0,1000.0,2703.287695553236,0.00351643847776618,703.2876955532361,mean_revert,1.9810067282998416,1.6847621531481431,2.0029294595311917,2.0312057068053258,60.15493478961191,14.78609059081726,0.0209843759818078,0.0382193329659648,1.521048161124162,-1.717998831606598,0.5732956599937913,0.011745576623838917,-0.24952273535294214,3.0,5.0,OIL/ONGC
